Symbol,Series,Prev Close,Open,High,Low,Last,Close,VWAP,Volume,Turnover,Trades,Deliverable Volume,%Deliverble,Short,Middle,Long,Buy,Sell,Profits
BHARTIARTL,EQ,312.5,315.95,322.0,313.3,321.85,319.5,316.4,5513123,174435871055000.0,39291,528285,0.0958,319.5,319.5,319.5,,,0.0
BHARTIARTL,EQ,319.5,316.9,321.0,309.1,312.5,312.65,314.25,5604911,176134953460000.0,50316,875836,0.15630000000000002,317.2166666666667,318.77894736842103,319.28253968253966,312.65,,-31264.999999999996
BHARTIARTL,EQ,312.65,312.5,315.5,307.95,313.0,313.5,311.27,5615566,174794550210000.0,65348,1145235,0.2039,315.9777777777778,318.2232686980609,319.09896699420506,,,0.0
BHARTIARTL,EQ,313.5,312.45,324.7,312.45,322.0,322.45,320.11,10239262,327768150260000.0,127906,2745517,0.2681,318.1351851851852,318.6681877824755,319.20534899438906,,,0.0
BHARTIARTL,EQ,322.45,324.4,327.9,322.1,324.75,324.95,324.8,4966909,161326664800000.0,57205,1367752,0.2754,320.40679012345686,319.32943117379386,319.3877188675831,,324.95,32495.0
BHARTIARTL,EQ,324.95,323.75,331.75,323.25,328.0,329.25,328.66,6484522,213121069300000.0,67314,1691938,0.2609,323.35452674897124,320.3737015765524,319.7008071575011,329.25,,-32925.0
BHARTIARTL,EQ,329.25,333.2,337.9,327.3,333.2,334.5,332.55,7226454,240315181880000.03,75786,1584699,0.2193,327.0696844993142,321.8606803579679,320.1706228032947,,,0.0
BHARTIARTL,EQ,334.5,336.55,338.65,332.4,337.0,337.3,335.31,5180570,173708935960000.0,75550,2064352,0.3985,330.4797896662095,323.48587189923444,320.714412555571,,,0.0
BHARTIARTL,EQ,337.3,337.15,337.3,329.0,333.8,335.1,333.13,5337767,177815743470000.0,42969,1004830,0.1882,332.019859777473,324.70841169931504,321.17109787126714,,,0.0
BHARTIARTL,EQ,335.1,334.1,334.8,328.15,330.0,331.6,330.74,3311854,109536134184999.98,48796,949040,0.2866,331.87990651831535,325.43384204675556,321.50217412932216,,,0.0
BHARTIARTL,EQ,331.6,330.0,339.35,326.5,338.0,337.75,332.71,5143387,171124477880000.0,47529,1010690,0.19649999999999998,333.8366043455436,326.7302797260445,322.0179781252167,,,0.0
BHARTIARTL,EQ,337.75,336.75,345.25,331.4,332.45,333.95,338.82,6944533,235291340125000.0,62070,1446625,0.20829999999999999,333.8744028970291,327.4902502811977,322.3967724704479,,,0.0
BHARTIARTL,EQ,333.95,333.0,336.75,330.2,331.15,332.05,332.79,4118364,137055715220000.0,45229,722242,0.1754,333.26626859801945,327.97022393580846,322.70322413805275,,,0.0
BHARTIARTL,EQ,332.05,330.5,332.45,304.3,310.55,311.15,314.69,14744448,463989565495000.0,120217,3374873,0.22890000000000002,325.8941790653463,326.19967404782864,322.33645511779713,,,0.0
BHARTIARTL,EQ,311.15,310.7,315.5,306.0,309.45,311.35,311.46,7769963,242005364075000.0,73309,1976352,0.2544,321.04611937689754,324.6365504638467,321.9876787648512,,,0.0
BHARTIARTL,EQ,311.35,312.0,312.1,301.55,304.45,304.85,306.14,7904590,241988425469999.97,68507,3757963,0.4754,315.6474129179317,322.5537556781786,321.4436254707289,,,0.0
BHARTIARTL,EQ,304.85,306.8,307.4,302.3,303.1,303.7,304.62,5063257,154234567565000.0,58831,1937743,0.38270000000000004,311.6649419452878,320.56914981731774,320.8803357732454,,,0.0
BHARTIARTL,EQ,303.7,306.7,307.8,294.5,301.65,301.65,302.05,9363696,282826362530000.0,90576,3223136,0.3442,308.3266279635252,318.57766036286324,320.2698489233011,,,0.0
BHARTIARTL,EQ,301.65,304.0,312.0,302.0,305.5,307.5,306.91,5443641,167071438395000.0,59721,1266578,0.2327,308.0510853090168,317.41159085098286,319.86445689398994,,,0.0
BHARTIARTL,EQ,307.5,308.0,309.35,294.7,306.5,305.15,303.72,4097172,124437861320000.0,55954,973570,0.23760000000000003,307.0840568726779,316.1208970771952,319.3973312783077,,,0.0
BHARTIARTL,EQ,305.15,305.0,309.65,301.7,306.95,307.85,306.98,2893056,88809682230000.0,49974,744271,0.25730000000000003,307.3393712484519,315.2502763322273,319.0307493329646,,,0.0
BHARTIARTL,EQ,307.85,309.0,312.9,300.1,303.0,303.7,307.49,5906356,181615068090000.0,62299,2532459,0.4288,306.1262474989679,314.03445777094026,318.54405887794985,,,0.0
BHARTIARTL,EQ,303.7,304.5,310.45,303.15,305.9,306.4,305.91,8555853,261731320019999.97,92382,3481403,0.4069,306.2174983326453,313.2308306371571,318.15853319928476,,,0.0
BHARTIARTL,EQ,306.4,305.1,320.9,305.0,311.35,311.85,313.54,8331159,261211883344999.97,80049,1078233,0.1294,308.0949988884302,313.0854800437721,317.95826230406936,,,0.0
BHARTIARTL,EQ,311.85,310.0,310.75,302.2,307.6,306.55,305.15,3511129,107141212835000.0,44619,675231,0.1923,307.57999925895353,312.39753477600664,317.5960952467973,,,0.0
BHARTIARTL,EQ,306.55,295.4,311.65,292.85,307.0,308.2,301.39,13229252,398720944345000.0,111242,1697864,0.1283,307.7866661726357,311.9556890101112,317.2978065088037,,,0.0
BHARTIARTL,EQ,308.2,307.0,310.5,301.0,308.6,308.75,305.41,4688955,143203544200000.0,53278,803311,0.17129999999999998,308.1077774484238,311.61824806167846,317.0264475720163,,,0.0
BHARTIARTL,EQ,308.75,308.6,314.4,305.2,310.0,311.15,311.48,3472111,108149554115000.02,41204,571288,0.1645,309.1218516322825,311.5689587920281,316.8398936808412,,,0.0
BHARTIARTL,EQ,311.15,309.0,314.2,306.1,312.35,313.25,310.94,3076831,95670738050000.0,47598,573058,0.1862,310.49790108818837,311.7459104981304,316.72592880208435,,,0.0
BHARTIARTL,EQ,313.25,315.0,315.45,311.0,311.7,312.2,312.76,2977404,93120997450000.0,43844,913360,0.3068,311.06526739212563,311.79370939306403,316.5822485226531,,,0.0
BHARTIARTL,EQ,312.2,311.7,315.6,309.65,310.35,311.25,312.4,2006320,62676844454999.99,32520,471516,0.23500000000000001,311.12684492808376,311.7364768253731,316.41297079177525,,,0.0
BHARTIARTL,EQ,311.25,312.45,312.55,307.3,311.7,310.55,310.57,2196566,68218987025000.0,58404,536275,0.2441,310.9345632853892,311.6115845279654,316.2268447348935,,,0.0
BHARTIARTL,EQ,310.55,309.0,309.9,296.5,301.85,300.8,301.16,7726834,232704795580000.03,87315,3367146,0.43579999999999997,307.5563755235928,310.4735229987059,315.7371036321985,,,0.0
BHARTIARTL,EQ,300.8,301.0,306.05,297.35,304.45,304.6,301.25,6063171,182655897015000.0,63096,2736437,0.45130000000000003,306.5709170157286,309.85525741989477,315.3835447867319,,,0.0
BHARTIARTL,EQ,304.6,306.9,307.15,300.05,302.3,302.55,301.85,4001810,120796343534999.98,43079,1842578,0.4604,305.2306113438191,309.0862829546427,314.9761306665182,,,0.0
BHARTIARTL,EQ,302.55,303.9,313.5,301.55,304.6,303.7,308.7,6844127,211281606690000.0,55391,1510921,0.2208,304.72040756254603,308.5193058015224,314.61815826440653,,,0.0
BHARTIARTL,EQ,303.7,305.55,310.85,304.95,308.5,309.0,307.75,5603086,172433780650000.0,53129,2290769,0.40880000000000005,306.1469383750307,308.56990519083587,314.43980403379044,,,0.0
BHARTIARTL,EQ,309.0,305.9,311.0,303.0,310.05,309.9,306.1,5232493,160169192870000.0,44595,1431179,0.2735,307.3979589166871,308.7099151707479,314.295683270813,,,0.0
BHARTIARTL,EQ,309.9,309.2,316.5,308.05,314.0,313.85,313.75,5587441,175306647985000.0,34525,1469276,0.263,309.54863927779144,309.25097673172183,314.28153459554915,,,0.0
BHARTIARTL,EQ,313.85,314.0,320.0,311.6,317.9,317.25,316.43,3744506,118485642530000.0,49165,1106885,0.2956,312.1157595185276,310.0929791810143,314.37577159251583,,,0.0
BHARTIARTL,EQ,317.25,315.7,320.5,313.4,315.1,315.45,316.66,5012987,158743309725000.0,56404,1634082,0.326,313.2271730123518,310.65687610932855,314.40987408164233,,,0.0
BHARTIARTL,EQ,315.45,318.95,325.25,314.35,323.85,320.15,319.12,4080123,130203785695000.0,46038,766502,0.18789999999999998,315.5347820082345,311.6561523083466,314.59210030127275,,,0.0
BHARTIARTL,EQ,320.15,324.9,326.95,315.95,319.45,318.05,320.07,6928578,221760056035000.0,86778,1404909,0.2028,316.3731880054897,312.329188907468,314.70187489488313,,,0.0
BHARTIARTL,EQ,318.05,317.8,317.8,302.1,308.0,307.65,307.61,26657232,820006854495000.0,166455,9063775,0.34,313.4654586703265,311.83664270668186,314.4780058506011,,,0.0
BHARTIARTL,EQ,307.65,308.0,309.2,303.6,308.0,307.85,306.51,10271412,314828882740000.0,115512,4191881,0.4081,311.59363911355103,311.4169961059785,314.267592966455,,,0.0
BHARTIARTL,EQ,307.85,310.95,313.25,308.3,309.0,309.4,310.52,6392974,198515029870000.0,51883,2181988,0.34130000000000005,310.8624260757007,311.2046807264019,314.11306620561516,,,0.0
BHARTIARTL,EQ,309.4,310.0,312.2,307.0,307.4,307.65,309.38,5828055,180307539045000.0,52747,2342411,0.4019,309.7916173838005,310.8305038078332,313.90788950067497,,,0.0
BHARTIARTL,EQ,307.65,309.75,312.0,307.65,308.5,308.7,309.59,4002947,123928874620000.0,38484,1217420,0.3041,309.4277449225337,310.60624024911397,313.7425596752567,,,0.0
BHARTIARTL,EQ,308.7,309.05,337.1,308.7,334.5,333.8,325.7,15374558,500755252730000.0,117664,6189291,0.4026,317.5518299483558,313.04768864394407,314.3793038125502,,,0.0
BHARTIARTL,EQ,333.8,332.8,354.0,329.35,350.5,351.8,346.61,27100883,939348823560000.0,195184,5434913,0.2005,328.96788663223725,317.1268793130026,315.56726242167554,,,0.0
BHARTIARTL,EQ,351.8,348.5,356.55,336.5,336.75,337.75,343.85,12612026,433665854039999.94,107665,3171726,0.2515,331.89525775482485,319.29773412216025,316.2714763130509,,,0.0
BHARTIARTL,EQ,337.75,337.0,345.95,334.55,345.95,342.4,340.45,6246873,212677530600000.0,53904,674065,0.1079,335.3968385032166,321.7295515829855,317.1009532554938,,,0.0
BHARTIARTL,EQ,342.4,344.0,344.85,331.2,337.95,337.7,336.67,10397551,350056716535000.0,81146,4010912,0.3858,336.1645590021444,323.41065141635545,317.75489124738283,,,0.0
BHARTIARTL,EQ,337.7,338.0,343.65,329.3,329.85,330.6,333.42,7007083,233632590550000.0,69606,2601906,0.3713,334.3097060014296,324.16742495147594,318.16267247762465,,,0.0
BHARTIARTL,EQ,330.6,332.0,339.45,332.0,337.15,336.75,336.06,5082584,170805031625000.0,57298,1058874,0.20829999999999999,335.1231373342864,325.49190653553114,318.7527463672239,,,0.0
BHARTIARTL,EQ,336.75,337.15,339.9,332.35,335.0,334.0,334.89,2982715,99887783980000.0,31025,631834,0.2118,334.74875822285765,326.3874953212647,319.23678616508977,,,0.0
BHARTIARTL,EQ,334.0,336.0,347.4,329.3,331.6,331.55,337.63,8213789,277322831369999.97,81745,1881082,0.22899999999999998,333.68250548190514,326.9309168663947,319.6276818423885,,,0.0
BHARTIARTL,EQ,331.55,332.9,334.9,323.2,327.15,327.0,328.45,4734760,155515111840000.0,42103,958120,0.2024,331.45500365460344,326.9381887751953,319.86172368866187,,,0.0
BHARTIARTL,EQ,327.0,328.55,331.4,326.25,328.7,327.8,328.27,3827846,125655810130000.0,41052,1074830,0.2808,330.236669103069,327.02890574622734,320.11373246045036,,,0.0
BHARTIARTL,EQ,327.8,331.0,333.0,320.4,321.6,322.5,327.92,5364208,175904488035000.0,45452,2113090,0.39390000000000003,327.657779402046,326.5521788255718,320.18948698551543,,,0.0
BHARTIARTL,EQ,322.5,322.6,333.0,317.75,330.8,329.95,327.25,12272355,401611032970000.0,92873,7239763,0.5899,328.4218529346973,326.9098442123537,320.4993445415308,,,0.0
BHARTIARTL,EQ,329.95,331.0,336.35,329.0,331.55,333.1,332.89,4459756,148461463000000.0,50896,1323719,0.2968,329.98123528979824,327.5614395584217,320.8993653497361,,,0.0
BHARTIARTL,EQ,333.1,333.9,344.95,333.2,343.0,340.8,340.15,6381272,217062096465000.0,70877,2466818,0.3866,333.58749019319885,328.9549722364826,321.5311315291096,,,0.0
BHARTIARTL,EQ,340.8,343.0,359.0,343.0,356.0,356.45,353.2,20054316,708313729145000.0,143766,7304209,0.3642,341.20832679546595,331.8491856852739,322.639667036122,,,0.0
BHARTIARTL,EQ,356.45,356.0,363.0,347.5,350.35,350.0,357.37,11041131,394572394015000.0,106929,3648475,0.33039999999999997,344.13888453031063,333.759797718403,323.5082490349752,,,0.0
BHARTIARTL,EQ,350.0,352.0,359.5,352.0,357.0,356.8,356.35,10966638,390799080200000.0,125508,4308895,0.3929,348.35925635354045,336.1850821690974,324.5651300179919,,,0.0
BHARTIARTL,EQ,356.8,358.6,359.75,353.55,358.3,356.65,356.24,3359951,119693277184999.98,30674,804604,0.2395,351.12283756902696,338.33928404603455,325.583697319008,,,0.0
BHARTIARTL,EQ,356.65,358.4,363.8,352.55,355.5,354.95,357.93,5097675,182462879165000.0,67961,869852,0.1706,352.39855837935136,340.0877804622414,326.5159608961824,,,0.0
BHARTIARTL,EQ,354.95,358.55,361.0,341.5,350.8,351.6,348.74,9079248,316626550280000.0,110697,1769890,0.1949,352.13237225290095,341.2995930451634,327.31227959789084,,,0.0
BHARTIARTL,EQ,351.6,350.8,354.4,338.0,338.45,340.0,347.35,4289454,148994276355000.0,44607,1066170,0.2486,348.08824816860067,341.16279377725147,327.71506437256096,,,0.0
BHARTIARTL,EQ,340.0,341.7,351.25,337.15,346.8,346.35,345.92,16393215,567076324545000.0,110059,5171693,0.3155,347.50883211240046,341.7088154849092,328.3066496305749,,,0.0
BHARTIARTL,EQ,346.35,347.0,350.35,339.0,343.0,341.95,343.75,7525281,258681176975000.0,93543,2325246,0.309,345.6558880749336,341.73420332860303,328.7397718645249,,,0.0
BHARTIARTL,EQ,341.95,344.9,349.0,334.8,348.0,347.7,341.45,9201883,314199679960000.0,82816,3643049,0.39590000000000003,346.33725871662244,342.36218192559215,329.3416838688257,,,0.0
BHARTIARTL,EQ,347.7,348.0,351.1,340.75,349.9,348.75,346.14,8579411,296970903365000.0,126145,4210763,0.4908,347.14150581108163,343.03458382816143,329.957820888863,,,0.0
BHARTIARTL,EQ,348.75,349.5,350.45,332.65,344.9,346.95,341.94,14545230,497354556630000.0,168063,7003539,0.4815,347.0776705407211,343.44673289888124,330.49725514635946,,,0.0
BHARTIARTL,EQ,346.95,344.0,358.55,336.6,352.0,349.4,346.74,13824740,479360235920000.0,154209,4650998,0.33640000000000003,347.85178036048075,344.07339259373583,331.0973422845703,,,0.0
BHARTIARTL,EQ,349.4,325.0,325.4,314.2,317.3,316.5,319.44,11412878,364570417785000.0,110806,2255856,0.1977,337.40118690698716,341.17093021544787,330.63393459299664,,,0.0
BHARTIARTL,EQ,316.5,316.5,326.3,315.6,323.75,324.5,322.13,7029531,226440426135000.0,71090,1857747,0.2643,333.1007912713248,339.416095455927,330.4392065106793,,,0.0
BHARTIARTL,EQ,324.5,322.8,332.9,321.0,332.7,328.5,327.66,11305703,370438581820000.0,76972,6553370,0.5797,331.56719418088323,338.26703277635573,330.37764439922915,,,0.0
BHARTIARTL,EQ,328.5,330.0,335.7,322.3,325.25,325.45,327.0,4908166,160496195050000.0,64764,1280274,0.2608,329.52812945392213,336.91787143147616,330.22121124369806,,,0.0
BHARTIARTL,EQ,325.45,324.0,326.8,314.05,319.75,320.3,318.75,6026790,192105153010000.0,101103,2510689,0.41659999999999997,326.45208630261476,335.16862180711024,329.9062521565965,,,0.0
BHARTIARTL,EQ,320.3,322.9,329.4,321.6,325.6,324.2,326.15,7779750,253739968669999.97,67167,2443049,0.314,325.7013908684099,334.0140300379407,329.72510129448233,,,0.0
BHARTIARTL,EQ,324.2,324.45,333.85,324.45,332.75,331.45,330.73,9718936,321438437225000.0,111612,3558238,0.3661,327.61759391227326,333.74413213921014,329.7798599835464,,331.45,33145.0
BHARTIARTL,EQ,331.45,331.45,336.4,326.5,333.25,333.45,332.08,14596079,484707817185000.06,122731,5611023,0.38439999999999996,329.56172927484886,333.71317086139857,329.8963723650211,,,0.0
BHARTIARTL,EQ,333.45,340.0,340.85,321.45,323.85,324.95,330.53,17408388,575403186495000.0,133670,4800265,0.2757,328.0244861832326,332.7907318233566,329.73934467089344,,,0.0
BHARTIARTL,EQ,324.95,324.85,327.45,320.1,325.0,324.5,323.94,4774792,154675137935000.0,60927,898161,0.1881,326.84965745548845,331.9180232103717,329.57301626864285,,,0.0
BHARTIARTL,EQ,324.5,321.25,326.2,312.6,318.5,315.45,320.52,7850740,251633073469999.97,77427,3372094,0.42950000000000005,323.0497716369923,330.1845470829642,329.1246665458288,,,0.0
BHARTIARTL,EQ,315.45,318.9,328.4,315.2,321.5,324.1,322.96,7711197,249041392710000.0,77863,1556406,0.2018,323.3998477579949,329.5440684426522,328.9651533221517,,,0.0
BHARTIARTL,EQ,324.1,321.5,327.35,314.65,319.8,318.65,323.43,6498273,210176001470000.0,60645,2722062,0.4189,321.8165651719966,328.39732439605723,328.6376881373215,318.65,,-31864.999999999996
BHARTIARTL,EQ,318.65,316.0,339.7,315.2,338.0,336.6,330.06,10752770,354901328970000.0,93074,2780565,0.2586,326.7443767813311,329.26076393331437,328.8904599424859,,,0.0
BHARTIARTL,EQ,336.6,336.0,338.0,328.7,330.85,331.25,333.58,7639127,254827980030000.03,106167,2859517,0.3743,328.2462511875541,329.4701572034918,328.9653659760578,,,0.0
BHARTIARTL,EQ,331.25,332.0,333.3,321.05,323.75,325.2,326.23,4507071,147032275960000.0,62740,1188339,0.2637,327.2308341250361,329.02066697154527,328.84583054824645,,,0.0
BHARTIARTL,EQ,325.2,323.7,330.7,322.15,327.0,328.45,326.01,4042029,131772248580000.0,62350,1216924,0.3011,327.6372227500241,328.9605967640142,328.8332644990958,,,0.0
BHARTIARTL,EQ,328.45,332.05,341.95,331.0,340.0,340.1,335.84,7713557,259048282015000.0,63120,2936355,0.38070000000000004,331.7914818333494,330.13316552569694,329.19093864198163,,340.1,34010.0
BHARTIARTL,EQ,340.1,340.0,340.1,328.55,331.0,330.65,334.15,4237059,141581312055000.0,56399,1538735,0.3632,331.4109878888996,330.18756915457095,329.23725805017267,330.65,,-33065.0
BHARTIARTL,EQ,330.65,331.0,337.95,328.65,336.5,335.15,334.03,6666818,222690890840000.0,93245,2679930,0.402,332.65732525926643,330.70993029619507,329.424964143818,,,0.0
BHARTIARTL,EQ,335.15,337.55,349.0,334.2,338.8,338.8,341.53,5349429,182696882580000.0,84882,1887212,0.3528,334.7048835061777,331.56151658080614,329.7225843297285,,,0.0
BHARTIARTL,EQ,338.8,340.05,356.0,340.0,353.0,353.2,349.09,9576934,334322611000000.0,89056,3997806,0.41740000000000005,340.86992233745184,333.8392516775634,330.46789911291165,,,0.0
BHARTIARTL,EQ,353.2,349.7,351.9,346.35,349.0,349.5,349.01,3930538,137178166534999.98,59349,1354117,0.34450000000000003,343.7466148916346,335.4877515009778,331.0720927918668,,,0.0
BHARTIARTL,EQ,349.5,348.75,351.7,341.7,345.6,345.6,345.44,8484214,293075817520000.0,85128,4664101,0.5497,344.3644099277564,336.5521987114012,331.5332961952996,,,0.0
BHARTIARTL,EQ,345.6,343.8,345.15,337.85,338.25,338.8,340.4,4497114,153083667800000.0,57143,1919936,0.4269,342.50960661850434,336.788809373359,331.76398520497264,,,0.0
BHARTIARTL,EQ,338.8,340.0,349.55,339.55,345.75,346.7,346.13,13891400,480825504239999.94,114579,6830340,0.4917,343.90640441233626,337.832092597216,332.2381444048148,,,0.0
BHARTIARTL,EQ,346.7,349.0,352.4,344.45,348.05,348.8,348.68,10825441,377462921520000.0,117509,6032690,0.5573,345.5376029415575,338.9866091659301,332.7639175983128,,,0.0
BHARTIARTL,EQ,348.8,351.5,355.75,348.85,352.2,352.75,351.93,5118048,180118121540000.0,116863,2860633,0.5589000000000001,347.9417352943717,340.43538714846375,333.3983964047156,,,0.0
BHARTIARTL,EQ,352.75,351.0,355.95,349.75,352.75,352.4,352.48,6625043,233522638869999.97,98488,3577930,0.5401,349.42782352958113,341.6948200802044,334.001621915677,,,0.0
BHARTIARTL,EQ,352.4,352.8,355.95,348.5,354.65,353.8,352.01,10317108,363172996025000.0,116348,6771509,0.6563,350.8852156863875,342.96904954544607,334.63014185486185,,,0.0
BHARTIARTL,EQ,353.8,353.8,361.95,351.8,357.0,357.1,357.2,5771494,206159962650000.0,67707,1769114,0.3065,352.9568104575917,344.4565180143465,335.34347068486625,,,0.0
BHARTIARTL,EQ,357.1,354.8,364.65,353.65,363.55,363.45,360.22,5882086,211886322225000.0,78878,2975354,0.5058,356.45454030506113,346.4558319075732,336.23574145677526,,,0.0
BHARTIARTL,EQ,363.45,363.0,366.95,358.25,362.4,363.25,362.23,5563691,201531545370000.0,84020,2168169,0.3897,358.71969353670744,348.2236390751971,337.093336966084,,,0.0
BHARTIARTL,EQ,363.25,362.4,362.4,357.1,361.0,359.9,359.89,2815172,101314225945000.0,42099,849994,0.3019,359.1131290244716,349.4527296988606,337.81735801477976,,,0.0
BHARTIARTL,EQ,359.9,357.05,364.95,357.05,363.55,363.75,362.51,3768622,136616165225000.0,55980,1396647,0.37060000000000004,360.6587526829811,350.9577055200332,338.64061649050103,,,0.0
BHARTIARTL,EQ,363.75,362.55,362.95,351.65,353.75,353.3,355.79,5075586,180582011355000.0,89044,2627961,0.5178,358.20583512198743,351.20426283371387,339.10599374477084,,,0.0
BHARTIARTL,EQ,353.3,355.6,355.6,342.1,345.9,344.0,348.21,6956493,242230078475000.0,103027,3331748,0.4646,353.4705567479916,350.44591937753347,339.26135902271466,,,0.0
BHARTIARTL,EQ,344.0,345.4,347.35,341.2,346.2,345.15,343.69,4885837,167922967920000.0,59658,2156630,0.43520000000000003,350.6970378319944,349.88845417989836,339.4483000061205,,,0.0
BHARTIARTL,EQ,345.15,346.5,348.0,334.3,340.2,341.1,341.76,3934382,134461371605000.0,52158,1892768,0.4811,347.4980252213296,348.96335373990905,339.5007349265611,,341.1,34110.0
BHARTIARTL,EQ,341.1,339.25,350.0,339.2,349.75,348.55,347.04,3498169,121399443630000.0,38476,1439874,0.41159999999999997,347.84868348088645,348.9198428199186,339.78801318286077,,,0.0
BHARTIARTL,EQ,348.55,347.5,349.9,342.7,344.05,343.8,345.62,9584254,331247528130000.0,67420,7696429,0.8029999999999999,346.499122320591,348.3809119967692,339.91537784372235,,,0.0
BHARTIARTL,EQ,343.8,345.15,348.55,343.5,345.5,345.1,346.24,3249667,112515820209999.98,46761,1575190,0.4847,346.03274821372736,348.0355528392146,340.07996902328676,,,0.0
BHARTIARTL,EQ,345.1,345.45,352.0,344.55,347.65,348.6,347.21,2796405,97093746285000.0,34292,1476958,0.5282,346.8884988091516,348.0949683298236,340.3504461971507,,,0.0
BHARTIARTL,EQ,348.6,350.0,352.0,342.55,345.5,345.55,346.87,4645627,161144921345000.0,64160,2110807,0.45439999999999997,346.44233253943446,347.8270769266843,340.51551139724114,,,0.0
BHARTIARTL,EQ,345.55,347.25,350.85,340.9,348.4,348.65,346.63,12895120,446984767625000.0,85691,9407789,0.7295999999999999,347.1782216929563,347.91370040808596,340.77374913066205,,,0.0
BHARTIARTL,EQ,348.65,348.4,350.0,342.5,346.6,346.65,346.01,8576035,296738504500000.0,66021,6189110,0.7217,347.0021477953042,347.78067931249797,340.9602967773077,,,0.0
BHARTIARTL,EQ,346.65,347.0,349.85,345.15,348.45,348.5,347.66,3405198,118386672190000.02,74444,1664891,0.4889,347.50143186353614,347.8563972796034,341.19965243517095,,,0.0
BHARTIARTL,EQ,348.5,349.0,354.5,347.35,352.7,353.6,351.74,3745884,131757794395000.0,50799,1460631,0.3899,349.5342879090241,348.4609870396452,341.5933142626259,353.6,,-35360.0
BHARTIARTL,EQ,353.6,352.9,356.5,349.75,352.9,353.2,354.15,8317090,294546849015000.0,50960,5653437,0.6797,350.7561919393494,348.95983050915623,341.96178047651074,,,0.0
BHARTIARTL,EQ,353.2,353.35,365.0,353.0,362.1,362.75,361.71,8407402,304100508400000.0,86438,3971490,0.47240000000000004,354.7541279595663,350.4114272976661,342.6217239534469,,,0.0
BHARTIARTL,EQ,362.75,362.75,371.15,360.5,364.85,364.8,365.11,6751716,246513139305000.03,75154,3203297,0.4744,358.1027519730442,351.92601389791173,343.32579620889305,,,0.0
BHARTIARTL,EQ,364.8,362.0,364.4,354.45,355.05,356.4,359.53,3478536,125062559290000.02,58382,1373302,0.3948,357.53516798202946,352.3969598033947,343.7408502974996,,,0.0
BHARTIARTL,EQ,356.4,356.0,363.25,354.1,362.4,362.3,359.07,3859398,138580460950000.0,58508,1558836,0.40390000000000004,359.123445321353,353.4393850872479,344.3300296531345,,,0.0
BHARTIARTL,EQ,362.3,362.9,364.9,353.65,358.0,358.55,357.83,5201801,186138154445000.0,95195,2589301,0.4978,358.932296880902,353.9773445517481,344.78145728319373,,,0.0
BHARTIARTL,EQ,358.55,358.25,362.4,356.3,360.5,360.75,359.8,3448755,124085906765000.02,45092,1694281,0.4913,359.53819792060136,354.6902556515641,345.2883951472193,,,0.0
BHARTIARTL,EQ,360.75,360.8,360.8,354.15,357.6,356.1,355.91,4662763,165952334080000.0,55187,2417977,0.5186,358.3921319470676,354.8386497935047,345.63162069810124,,,0.0
BHARTIARTL,EQ,356.1,357.6,359.4,349.15,351.0,350.6,352.66,3459346,121996305640000.02,38585,1668581,0.4823,355.7947546313784,354.39247613103055,345.7893470251456,,,0.0
BHARTIARTL,EQ,350.6,351.0,354.95,349.65,350.55,350.75,351.32,3584392,125927311350000.0,42770,2179268,0.608,354.1131697542523,354.0090575909221,345.9468280719664,,,0.0
BHARTIARTL,EQ,350.75,350.55,353.4,344.8,347.25,346.25,348.45,4677593,162992363550000.0,48221,2166868,0.4632,351.4921131695015,353.1923146866145,345.9564525776183,,,0.0
BHARTIARTL,EQ,346.25,348.0,351.2,338.6,343.0,342.5,345.25,3642763,125767193780000.0,56024,1286906,0.3533,348.49474211300105,352.06680787749724,345.8467239243605,,,0.0
BHARTIARTL,EQ,342.5,343.5,346.0,336.1,340.6,339.95,340.26,2470956,84077739340000.0,46180,931013,0.3768,345.64649474200075,350.7913544167081,345.6595263394602,,,0.0
BHARTIARTL,EQ,339.95,339.0,343.5,335.6,341.55,342.55,340.71,3062655,104347882680000.0,60696,1233693,0.40280000000000005,344.61432982800056,349.9238434254757,345.56081121757256,,,0.0
BHARTIARTL,EQ,342.55,342.95,348.5,337.4,343.5,343.6,343.02,3614547,123986548900000.0,63072,1381241,0.3821,344.2762198853337,349.25817569647825,345.4985632424115,,,0.0
BHARTIARTL,EQ,343.6,344.0,344.75,335.75,339.1,338.9,338.41,4751577,160797142060000.0,55153,2542694,0.5351,342.4841465902225,348.1678414126384,345.2890850442397,,,0.0
BHARTIARTL,EQ,338.9,335.0,343.45,334.55,337.6,339.0,340.16,7460110,253762851765000.0,80635,3567480,0.4782,341.3227643934817,347.2028054744659,345.0894315507718,,,0.0
BHARTIARTL,EQ,339.0,338.0,338.9,328.2,333.55,334.9,333.22,4995313,166453094485000.0,81882,2217742,0.444,339.1818429289878,345.907773319259,344.765957533287,,,0.0
BHARTIARTL,EQ,334.9,334.7,336.45,328.1,334.0,334.55,333.96,4979396,166292311480000.0,50773,2462553,0.49450000000000005,337.6378952859919,344.7122182330212,344.4416414211192,,,0.0
BHARTIARTL,EQ,334.55,337.0,348.3,335.15,347.9,345.75,344.41,12722092,438162100855000.0,112087,6006477,0.4721,340.3419301906613,344.82145841901894,344.48317661409953,,,0.0
BHARTIARTL,EQ,345.75,343.2,353.75,332.7,336.0,337.6,340.98,10861621,370354731010000.0,93735,4759990,0.43820000000000003,339.4279534604409,344.06130490122746,344.2646630707948,,,0.0
BHARTIARTL,EQ,337.6,335.0,338.75,321.15,325.0,323.9,329.6,9773900,322146682520000.0,119566,4845703,0.4958,334.2519689736273,341.9390622800456,343.61816583045214,,,0.0
BHARTIARTL,EQ,323.9,332.0,354.95,327.2,346.55,343.55,337.94,28059958,948258458435000.0,207640,8421453,0.30010000000000003,337.3513126490849,342.10863467161977,343.6160018358346,,,0.0
BHARTIARTL,EQ,343.55,340.1,361.65,339.05,359.1,357.7,348.5,15227460,530681843764999.94,177845,6315333,0.4147,344.1342084327233,343.7498310219756,344.0631128886652,,,0.0
BHARTIARTL,EQ,357.7,354.1,375.4,354.1,369.0,368.45,365.55,17019717,622155806665000.0,206848,7538326,0.4429,352.23947228848226,346.34984880913606,344.8372997810885,,,0.0
BHARTIARTL,EQ,368.45,368.0,372.95,362.5,365.1,366.1,368.43,12524292,461434625114999.94,131915,6652825,0.5312,356.8596481923215,348.4288120923849,345.5123061372444,,,0.0
BHARTIARTL,EQ,366.1,366.0,378.75,365.4,371.6,372.15,373.28,16050094,599109934280000.0,171967,9760415,0.6081000000000001,361.9564321282144,350.92577924055485,346.3579472122525,,,0.0
BHARTIARTL,EQ,372.15,372.0,373.75,364.15,371.05,371.15,369.63,7700362,284632150860000.0,114336,3539338,0.4596,365.0209547521429,353.0546445836543,347.1449965071016,,,0.0
BHARTIARTL,EQ,371.15,361.2,365.0,346.15,353.55,351.65,352.5,14028958,494524938614999.94,221330,5308444,0.37840000000000007,360.56396983476196,352.9067872590591,347.28801249100314,,,0.0
BHARTIARTL,EQ,351.65,355.0,363.85,347.3,361.0,361.2,359.15,7669905,275462947694999.97,98916,3493025,0.4554,360.7759798898413,353.7797570212634,347.72966288811415,,,0.0
BHARTIARTL,EQ,361.2,360.0,365.0,355.0,363.45,361.55,360.31,5719722,206086775400000.0,127981,2489195,0.43520000000000003,361.03398659322755,354.5976773348146,348.16840374880894,,,0.0
BHARTIARTL,EQ,361.55,363.45,366.25,359.8,360.6,361.0,363.19,4521771,164224818125000.0,57613,2313074,0.5115,361.0226577288184,355.27160603641306,348.57575601075155,,,0.0
BHARTIARTL,EQ,361.0,360.5,362.35,357.4,357.5,358.05,359.61,5266052,189373765870000.0,53137,3350553,0.6363000000000001,360.0317718192123,355.5640685588959,348.8765256612039,,,0.0
BHARTIARTL,EQ,358.05,358.0,360.2,353.15,355.75,354.9,356.83,4046902,144404180540000.0,64648,2348367,0.5803,358.3211812128082,355.4941666053279,349.06774706878474,,,0.0
BHARTIARTL,EQ,354.9,355.0,357.2,351.0,351.95,352.75,354.18,3113528,110275025975000.0,54764,1462340,0.4697,356.46412080853884,355.20530696266184,349.18464398723603,,,0.0
BHARTIARTL,EQ,352.75,354.0,358.95,350.5,355.95,356.4,355.35,4590240,163112345735000.0,73865,2432559,0.5299,356.44274720569257,355.3310641244869,349.41370290827615,,,0.0
BHARTIARTL,EQ,356.4,357.95,362.65,346.9,359.9,360.65,358.35,4931663,176725526300000.0,98189,2513454,0.5097,357.84516480379506,355.89095211138306,349.77041075245785,,,0.0
BHARTIARTL,EQ,360.65,362.5,368.2,344.75,347.95,348.3,349.6,32201102,1125758464860000.0,263571,24092969,0.7482,354.66344320253006,355.0919045207112,349.72373104603065,,,0.0
BHARTIARTL,EQ,348.3,349.5,349.5,340.5,348.0,345.8,344.52,5524473,190331394605000.0,56340,1993897,0.36090000000000005,351.70896213502004,354.1138093080047,349.59916815568045,,,0.0
BHARTIARTL,EQ,345.8,342.35,349.75,341.15,344.4,343.5,344.75,5929198,204410639550000.0,60668,2753670,0.4644,348.9726414233467,352.99656622295157,349.4055437697858,,,0.0
BHARTIARTL,EQ,343.5,345.0,349.6,338.75,346.8,346.8,344.46,4765624,164154449400000.0,63673,2312483,0.4852,348.24842761556454,352.3442960942198,349.3228280945545,,,0.0
BHARTIARTL,EQ,346.8,345.5,345.95,335.5,336.0,336.85,340.35,4226095,143834549315000.0,86590,2071265,0.4901,344.4489517437097,350.71331755798616,348.926865297902,,,0.0
BHARTIARTL,EQ,336.85,336.0,347.35,335.1,345.0,345.7,343.06,5144579,176491013870000.0,69974,1993303,0.3875,344.8659678291398,350.18559992030345,348.8244251297146,,,0.0
BHARTIARTL,EQ,345.7,345.0,349.35,340.95,347.35,347.7,345.5,3264321,112781436700000.0,49728,1102294,0.33770000000000006,345.81064521942653,349.9239578234294,348.78872909385063,,,0.0
BHARTIARTL,EQ,347.7,350.2,354.0,345.1,349.65,349.25,350.02,6274987,219638619015000.0,55401,2012994,0.3208,346.957096812951,349.85301489464734,348.80337261468077,,,0.0
BHARTIARTL,EQ,349.25,350.95,357.4,349.55,357.2,356.45,353.46,3712496,131223084520000.0,51838,1143375,0.308,350.1213978753007,350.5474343794213,349.0461226904052,,356.45,35645.0
BHARTIARTL,EQ,356.45,361.75,361.95,351.2,355.95,355.1,355.81,4810430,171159105220000.0,67030,2290194,0.4761,351.7809319168672,351.02665181316644,349.23830927166216,355.1,,-35510.0
BHARTIARTL,EQ,355.1,358.4,358.4,346.75,347.6,347.55,349.7,5535262,193567547940000.0,90710,2457453,0.444,350.3706212779115,350.66068846441203,349.1847121519269,,,0.0
BHARTIARTL,EQ,347.55,347.6,349.7,340.9,344.0,343.05,343.05,4920207,168785575470000.0,53879,2044656,0.4156,347.93041418527434,349.85956336289496,348.98995938519903,,,0.0
BHARTIARTL,EQ,343.05,343.0,345.4,338.4,344.0,344.0,343.12,5010025,171902414190000.0,60261,2532383,0.5055,346.62027612351625,349.2427672194323,348.8315479761451,,,0.0
BHARTIARTL,EQ,344.0,348.8,348.8,332.55,341.15,339.85,337.97,8329655,281516050470000.0,83318,3268380,0.3924,344.3635174156775,348.2540548805447,348.5464194689659,,,0.0
BHARTIARTL,EQ,339.85,341.6,344.15,334.6,336.1,335.6,336.72,7490889,252231424315000.0,60821,4219358,0.5633,341.44234494378503,346.92204910364524,348.1354220255066,,,0.0
BHARTIARTL,EQ,335.6,338.4,342.55,334.7,337.0,337.6,337.55,11672389,393998742060000.0,78725,7240487,0.6203000000000001,340.1615632958567,345.94078077694576,347.8009641834271,,,0.0
BHARTIARTL,EQ,337.6,339.7,365.1,335.05,353.15,356.4,352.45,15528435,547300870880000.0,126040,9123543,0.5875,345.57437553057116,347.0417512214778,348.0739494474453,,356.4,35640.0
BHARTIARTL,EQ,356.4,356.0,362.25,345.0,347.5,348.0,352.36,5746894,202497704405000.0,91333,2876789,0.5006,346.3829170203808,347.14261951395383,348.0716018459391,348.0,,-34800.0
BHARTIARTL,EQ,348.0,348.0,352.0,345.4,349.0,348.65,348.86,4722666,164754397730000.0,60158,2870287,0.6078,347.1386113469205,347.30129114406395,348.08996369209973,,,0.0
BHARTIARTL,EQ,348.65,349.05,350.95,338.0,343.0,341.65,342.67,4610586,157991766880000.0,105706,2465988,0.5349,345.30907423128036,346.70641839205723,347.8855204002871,,,0.0
BHARTIARTL,EQ,341.65,341.05,347.05,340.45,343.15,344.05,344.13,4867361,167500618930000.0,71004,2489737,0.5115,344.8893828208536,346.4267954034196,347.763757847897,,,0.0
BHARTIARTL,EQ,344.05,344.0,354.9,339.25,354.0,349.1,345.53,3353263,115865977705000.0,45650,1512867,0.4512,346.2929218805691,346.70818536095436,347.80617823367805,,,0.0
BHARTIARTL,EQ,349.1,353.0,374.9,344.25,373.3,367.05,356.16,19616421,698663547845000.0,132233,10004860,0.51,353.21194792037943,348.8494290071697,348.41709321038667,,367.05,36705.0
BHARTIARTL,EQ,367.05,370.0,370.65,346.85,352.0,350.95,356.45,7208995,256962648960000.0,88351,1897301,0.2632,352.457965280253,349.0705417432571,348.49750294973944,350.95,,-35095.0
BHARTIARTL,EQ,350.95,350.95,355.6,341.3,346.5,344.9,348.71,4944826,172428661410000.0,71947,1562219,0.3159,349.9386435201687,348.63153734923003,348.3832965068906,,,0.0
BHARTIARTL,EQ,344.9,348.3,348.7,334.25,338.85,339.5,340.42,4705661,160188113480000.0,91542,1812445,0.38520000000000004,346.45909568011245,347.6703228914164,348.10128709397344,,,0.0
BHARTIARTL,EQ,339.5,338.0,346.75,337.1,341.6,341.55,343.03,3500384,120075076859999.98,53795,580841,0.1659,344.8227304534083,347.02607837653045,347.8933097259108,,,0.0
BHARTIARTL,EQ,341.55,343.1,360.85,339.0,359.4,359.4,354.01,8685318,307471063140000.0,83977,2537605,0.2922,349.68182030227223,348.3285964421588,348.2586014806438,,,0.0
BHARTIARTL,EQ,359.4,362.9,385.0,362.0,375.05,377.25,376.25,47660614,1793234999734999.8,422520,24993447,0.5244,358.87121353484815,351.37295471140527,349.17896333840116,,,0.0
BHARTIARTL,EQ,377.25,374.95,385.35,372.6,384.45,382.9,378.67,10908530,413074536040000.0,116345,3474734,0.3185,366.88080902323213,354.69159105757313,350.2494724387694,,,0.0
BHARTIARTL,EQ,382.9,384.45,397.0,380.25,392.95,393.55,390.64,10729180,419120320495000.0,108851,3338973,0.31120000000000003,375.77053934882144,358.78194989361805,351.6240923613481,,,0.0
BHARTIARTL,EQ,393.55,390.0,391.95,381.55,382.4,383.65,385.68,8585170,331111851315000.0,80720,3167721,0.369,378.39702623254766,361.39963937850035,352.64078784194027,,,0.0
BHARTIARTL,EQ,383.65,381.1,386.8,377.35,385.0,385.25,384.24,8912567,342452709975000.0,140584,4316565,0.4843,380.68135082169846,363.9102036544477,353.6760009263231,,,0.0
BHARTIARTL,EQ,385.25,385.0,387.5,379.05,384.95,385.85,383.67,4787789,183694332310000.0,66315,1977345,0.413,382.4042338811323,366.21965590134795,354.69739772231287,,,0.0
BHARTIARTL,EQ,385.85,384.95,386.4,380.5,383.3,383.5,383.24,3979009,152490966540000.0,47678,1751416,0.44020000000000004,382.7694892540882,368.0386394906797,355.61176604858866,,,0.0
BHARTIARTL,EQ,383.5,381.8,396.5,367.2,372.65,374.1,385.63,11357444,437978261545000.0,146478,5294730,0.4662,379.87965950272553,368.6766774390292,356.1986941105382,,,0.0
BHARTIARTL,EQ,374.1,373.5,378.0,355.0,360.4,360.35,364.08,13337712,485597533000000.0,123290,4673816,0.3504,373.36977300181707,367.8001850770262,356.3304815990926,,,0.0
BHARTIARTL,EQ,360.35,353.95,376.35,325.5,371.0,372.35,350.57,72697775,2548555961795000.0,511839,22123919,0.3043,373.02984866787807,368.279112963655,356.83903773880394,,,0.0
BHARTIARTL,EQ,372.35,369.9,378.4,362.6,372.25,375.15,369.89,27754837,1026619883870000.1,211920,11448260,0.41250000000000003,373.7365657785854,369.00236423063865,357.4203381280483,,,0.0
BHARTIARTL,EQ,375.15,372.0,375.5,365.6,372.5,373.1,370.79,1995673,73998325920000.0,16824,143546,0.0719,373.5243771857236,369.43369431162404,357.9181051716023,,,0.0
BHARTIARTL,EQ,373.1,363.0,365.65,353.1,360.8,359.9,359.78,36231891,1303549112070000.0,250129,17421538,0.4808,368.98291812381575,368.4301475419794,357.9810224677419,,,0.0
BHARTIARTL,EQ,359.9,364.3,371.35,360.65,367.55,367.95,367.32,16869202,619641352335000.0,151095,7194119,0.4265,368.63861208254383,368.37960569545527,358.29749794495643,,,0.0
BHARTIARTL,EQ,367.95,366.7,376.8,363.75,373.4,374.25,370.28,12794123,473741071295000.0,146440,6376791,0.49840000000000007,370.5090747216959,368.9975419380389,358.8039265816245,,,0.0
BHARTIARTL,EQ,374.25,363.35,376.4,363.35,373.4,373.05,371.44,13682012,508210973985000.06,86732,7334037,0.536,371.356049814464,369.4241164708769,359.2561828806206,,,0.0
BHARTIARTL,EQ,373.05,378.25,381.7,374.0,377.35,378.0,378.31,7620719,288302003170000.0,72747,3749882,0.49210000000000004,373.57069987630933,370.3268410528899,359.8512246939342,,,0.0
BHARTIARTL,EQ,378.0,377.0,385.5,374.55,385.0,383.95,381.36,6641731,253291032619999.97,80001,3014755,0.4539,377.03046658420624,371.7608577841646,360.61626517984104,,,0.0
BHARTIARTL,EQ,383.95,385.0,385.4,370.25,370.75,371.45,375.26,8181919,307038146495000.0,102652,3969762,0.4852,375.1703110561375,371.7281359121473,360.9601932693699,,,0.0
BHARTIARTL,EQ,371.45,374.8,375.5,369.05,372.6,371.75,372.3,4816149,179307450045000.0,60144,2192580,0.45530000000000004,374.0302073707584,371.7304373950792,361.302726816374,,,0.0
BHARTIARTL,EQ,371.75,370.0,375.85,366.6,368.4,369.15,370.37,5982102,221561161080000.03,50951,2826260,0.47250000000000003,372.4034715805056,371.45881240612346,361.55184659998116,,,0.0
BHARTIARTL,EQ,369.15,371.25,373.95,368.25,371.7,371.5,371.18,2774571,102987619500000.0,33936,914505,0.3296,372.10231438700373,371.463147942321,361.86766099363257,,,0.0
BHARTIARTL,EQ,371.5,372.1,373.4,366.15,366.15,368.6,369.49,6424227,237368607755000.03,59572,4255455,0.6624,370.93487625800253,371.1617639483925,362.08138604145375,,368.6,36860.0
BHARTIARTL,EQ,368.6,357.9,367.1,350.3,365.6,362.5,358.32,21091587,755747815415000.0,234261,9521820,0.4515,368.12325083866835,370.2499993222459,362.0946753734711,,,0.0
BHARTIARTL,EQ,362.5,357.85,398.5,357.25,396.0,393.05,384.9,55174490,2123676144850000.0,431042,10115442,0.1833,376.4321672257789,372.6499993935885,363.0773840917736,393.05,,-39305.0
BHARTIARTL,EQ,393.05,396.0,420.55,392.1,411.2,409.2,409.8,42661408,1748281597675000.0,340162,7809498,0.18309999999999998,387.3547781505193,376.4973678784739,364.5415941206062,,,0.0
BHARTIARTL,EQ,409.2,426.9,445.65,421.45,444.65,439.35,431.74,62786851,2710766437570000.0,499382,23085997,0.3677,404.6865187670129,383.11343441758186,366.91646414852346,,,0.0
BHARTIARTL,EQ,439.35,448.3,452.95,433.1,437.4,437.3,444.16,55644344,2471500824530000.0,336654,21010650,0.3776,415.55767917800864,388.81728342625746,369.1508621120624,,,0.0
BHARTIARTL,EQ,437.3,442.5,442.5,422.2,426.85,426.3,428.02,22178883,949292544770000.1,174349,7425728,0.3348,419.13845278533915,392.762832539283,370.96512045771124,,,0.0
BHARTIARTL,EQ,426.3,423.0,429.95,417.0,418.35,420.65,422.84,16775621,709337257060000.0,129774,4880604,0.2909,419.6423018568928,395.6983238509374,372.5424182209585,,,0.0
BHARTIARTL,EQ,420.65,421.35,455.65,421.35,454.85,451.4,442.17,33483563,1480555933485000.0,232992,9252878,0.2763,430.22820123792854,401.56165818241766,375.0458335155313,,,0.0
BHARTIARTL,EQ,451.4,445.0,447.0,429.9,433.2,432.35,435.86,23466171,1022805337895000.1,212454,11477863,0.4891,430.9354674919524,404.802536268479,376.86501340392715,,,0.0
BHARTIARTL,EQ,432.35,433.5,437.0,426.4,435.55,433.35,431.4,13336531,575339758705000.0,97343,4742292,0.3556,431.74031166130163,407.8075324507444,378.65818758158025,,,0.0
BHARTIARTL,EQ,433.35,433.35,443.9,428.5,439.7,436.65,435.71,21940833,955987265154999.9,171624,7018791,0.3199,433.3768744408678,410.8435816664555,380.4991974996253,,,0.0
BHARTIARTL,EQ,436.65,439.6,449.65,435.15,441.55,442.45,443.78,20010753,888035795070000.1,225731,6197972,0.3097,436.4012496272452,414.1705730699865,382.4658896424944,,,0.0
BHARTIARTL,EQ,442.45,471.15,485.6,455.05,460.7,458.6,470.8,55735805,2624034218915000.0,412018,22791403,0.40890000000000004,443.8008330848302,418.8473548520932,384.8828455268597,,,0.0
BHARTIARTL,EQ,458.6,462.8,465.05,445.25,460.85,459.1,454.58,23871561,1085154032540000.0,199272,5695228,0.2386,448.9005553898868,423.0844753939781,387.2389456688641,,,0.0
BHARTIARTL,EQ,459.1,460.85,464.8,454.7,460.8,461.4,460.21,16541195,761248795330000.0,165487,5932359,0.3586,453.0670369265912,427.1176885104014,389.5932648539796,,,0.0
BHARTIARTL,EQ,461.4,463.3,463.6,445.35,449.15,447.35,451.19,17317332,781345289870000.0,159675,5003771,0.2889,451.16135795106084,429.24740550930653,391.4268120014723,,,0.0
BHARTIARTL,EQ,447.35,451.9,452.4,442.85,442.95,444.85,447.18,11415172,510465856339999.94,103951,3247080,0.2845,449.057571967374,430.88978387674797,393.1227862236478,,,0.0
BHARTIARTL,EQ,444.85,447.6,451.6,441.7,445.45,445.85,446.7,7865300,351344450300000.0,77331,2186480,0.278,447.9883813115827,432.46454346866926,394.79666602607165,,,0.0
BHARTIARTL,EQ,445.85,445.45,451.0,443.25,449.65,447.0,447.61,7140031,319596875330000.0,85032,1586891,0.2223,447.6589208743885,433.9945915245988,396.4539147236567,,,0.0
BHARTIARTL,EQ,447.0,444.5,449.05,440.6,441.35,442.75,444.42,6803615,302365147220000.0,100306,3215920,0.47270000000000006,446.02261391625905,434.91621346937785,397.92363171655643,,,0.0
BHARTIARTL,EQ,442.75,442.9,443.85,436.5,438.0,438.65,440.54,7389050,325515053675000.0,86589,3615935,0.4894,443.5650759441727,435.3092436304959,399.2165322969832,,,0.0
BHARTIARTL,EQ,438.65,440.0,440.7,426.0,430.0,427.8,430.67,13074677,563083534725000.0,103192,6612870,0.5058,438.3100506294485,434.518796932549,400.12394397009484,,,0.0
BHARTIARTL,EQ,427.8,430.4,431.05,420.45,421.0,421.85,425.05,6962613,295948650420000.0,74144,3126485,0.449,432.823367086299,433.18523936070176,400.81366003453627,,421.85,42185.0
BHARTIARTL,EQ,421.85,424.75,441.5,417.6,441.0,439.95,428.39,22991811,984937956065000.0,157276,10761468,0.4681,435.19891139086604,433.8973194279963,402.05608352550337,439.95,,-43995.0
BHARTIARTL,EQ,439.95,447.0,447.1,434.15,437.7,438.3,438.27,17654537,773748761425000.0,166740,7973591,0.4516,436.23260759391076,434.36075948820724,403.20668404850323,,,0.0
BHARTIARTL,EQ,438.3,436.0,456.8,430.25,450.3,449.45,441.91,13974432,617548619140000.0,116150,4702388,0.33649999999999997,440.6384050626072,435.9491005947117,404.67472582474124,,,0.0
BHARTIARTL,EQ,449.45,449.9,460.4,445.7,452.9,453.8,453.87,21289419,966253419650000.0,152762,7651006,0.3594,445.0256033750715,437.8281426373736,406.23425833824155,,,0.0
BHARTIARTL,EQ,453.8,449.05,459.15,446.45,454.5,454.8,452.33,10434970,472008342214999.94,74419,2997006,0.2872,448.28373558338103,439.61465393870276,407.7760279148053,,,0.0
BHARTIARTL,EQ,454.8,454.5,460.0,452.4,456.5,457.15,456.75,6845488,312667682770000.0,67891,1132577,0.1654,451.2391570555874,441.46047983989195,409.34345560004954,,,0.0
BHARTIARTL,EQ,457.15,455.3,456.5,446.0,448.05,447.55,450.94,5887041,265469399269999.97,66735,1461689,0.2483,450.0094380370583,442.10148196200856,410.55636177147653,,,0.0
BHARTIARTL,EQ,447.55,449.0,457.05,449.0,456.2,455.1,453.12,5887082,266753390494999.97,62590,1725960,0.2932,451.7062920247056,443.4697470186393,411.970445524763,,,0.0
BHARTIARTL,EQ,455.1,460.0,464.7,455.1,459.6,460.5,460.6,11917988,548945049385000.06,121989,3317499,0.2784,454.6375280164704,445.26240522720354,413.5110663017546,,,0.0
BHARTIARTL,EQ,460.5,460.0,462.5,454.5,456.0,455.8,459.22,5116528,234962043785000.0,52921,969761,0.1895,455.025018677647,446.3716257296032,414.8535721334449,,,0.0
BHARTIARTL,EQ,455.8,456.05,460.5,449.75,453.7,453.3,454.52,5059995,229988746140000.0,67334,1123980,0.22210000000000002,454.4500124517647,447.1009282843818,416.0740936530181,,,0.0
BHARTIARTL,EQ,453.3,454.1,459.4,453.5,455.3,455.2,455.54,4842142,220578680710000.0,78890,1761330,0.3638,454.70000830117647,447.9534621491837,417.3161859180016,,,0.0
BHARTIARTL,EQ,455.2,455.7,459.2,451.5,457.15,455.1,454.8,5059594,230108840005000.03,97228,1968386,0.389,454.833338867451,448.7057292913749,418.51567207933493,,,0.0
BHARTIARTL,EQ,455.1,453.9,457.45,444.65,448.5,449.65,449.9,7399981,332926128885000.0,73742,3006323,0.40630000000000005,453.10555924496737,448.8051262080723,419.5040634418957,,,0.0
BHARTIARTL,EQ,449.65,452.0,455.3,443.1,445.05,445.1,448.34,4273646,191605715675000.0,52718,1127213,0.2638,450.43703949664496,448.41511292301203,420.3166328564387,,,0.0
BHARTIARTL,EQ,445.1,442.6,460.75,440.35,458.9,458.85,450.78,13858623,624725397695000.0,126722,4104144,0.2961,453.24135966443,449.5135220890108,421.53991435305966,,,0.0
BHARTIARTL,EQ,458.85,468.4,474.95,455.3,460.15,460.1,462.98,17845812,826220887925000.0,143721,5986680,0.33549999999999996,455.52757310962005,450.62788818490435,422.7640440561371,,,0.0
BHARTIARTL,EQ,460.1,464.8,465.95,454.2,457.75,457.0,461.25,37029733,1707978392580000.0,198967,23805707,0.6429,456.01838207308003,451.2986367970197,423.8508998003867,,,0.0
BHARTIARTL,EQ,457.0,459.0,470.3,454.25,468.6,468.9,463.13,14925989,691269444035000.0,97122,8672802,0.5811000000000001,460.31225471538676,453.1514118710177,425.2810299654538,,,0.0
BHARTIARTL,EQ,468.9,468.9,472.65,466.6,470.0,469.35,469.94,8086659,380021782305000.0,85434,5037091,0.6229,463.32483647692453,454.8565264109106,426.6800448871854,,,0.0
BHARTIARTL,EQ,469.35,469.5,472.0,465.0,468.0,467.85,468.32,10674839,499926695375000.0,95177,7602908,0.7122,464.8332243179497,456.22426047292,427.9870275891795,,,0.0
BHARTIARTL,EQ,467.85,469.2,476.95,468.0,473.9,473.9,473.28,15990374,756787663545000.0,153554,9334502,0.5838,467.85548287863315,458.08486463366523,429.44458226888804,,,0.0
BHARTIARTL,EQ,473.9,475.1,503.8,475.1,499.8,500.05,496.57,60774623,3017860318335000.0,428688,30190743,0.4968,478.5869885857555,462.50224730380575,431.68602410162174,,,0.0
BHARTIARTL,EQ,500.05,499.0,512.7,494.25,506.95,508.7,505.19,44464024,2246300128245000.0,317356,26193858,0.5891,488.62465905717033,467.36516864024725,434.13091222537975,,,0.0
BHARTIARTL,EQ,508.7,510.0,515.0,504.4,508.35,511.75,510.76,64001338,3268961860850000.0,254262,38317050,0.5987,496.33310603811356,472.03725615180014,436.59501024997087,,,0.0
BHARTIARTL,EQ,511.75,514.75,523.75,506.7,514.55,514.5,513.0,19911947,1021485198710000.0,156430,8161925,0.40990000000000004,502.3887373587424,476.50701866213694,439.06818452774957,,,0.0
BHARTIARTL,EQ,514.5,515.0,526.0,512.35,525.45,523.65,519.92,15482185,804945424110000.0,167208,7502053,0.48460000000000003,509.4758249058283,481.46943775033304,441.75332152686866,,,0.0
BHARTIARTL,EQ,523.65,520.5,527.35,514.15,524.35,524.25,521.24,23385562,1218954259960000.0,195223,10591177,0.4529,514.4005499372189,485.97265482924536,444.3722637006189,,,0.0
BHARTIARTL,EQ,524.25,521.15,524.1,511.9,512.5,514.4,517.99,11638278,602856432110000.0,148578,6633224,0.5699000000000001,514.4003666248126,488.9650069524827,446.59536644028174,,,0.0
BHARTIARTL,EQ,514.4,514.35,514.4,486.1,491.9,491.25,496.36,31091035,1543228027375000.0,268519,17426323,0.5605,506.6835777498751,489.2055325364319,448.01297385487595,,,0.0
BHARTIARTL,EQ,491.25,493.1,501.4,488.25,490.7,490.25,493.63,19668016,970870604854999.9,175835,8993730,0.4573,501.20571849991677,489.3154764799654,449.353831827737,,,0.0
BHARTIARTL,EQ,490.25,492.0,492.9,480.1,487.05,489.8,487.27,15055241,733602761040000.0,87295,7084187,0.4705,497.40381233327787,489.36647895575857,450.63783716653904,,,0.0
BHARTIARTL,EQ,489.8,493.2,499.4,487.0,496.65,496.45,493.87,18017965,889848201790000.0,123516,10675617,0.5925,497.0858748888519,490.11211274988926,452.0921915422045,,,0.0
BHARTIARTL,EQ,496.45,493.4,501.25,483.3,494.2,497.2,494.96,5753361,284768675270000.0,42307,2005627,0.3486,497.123916592568,490.85820614463773,453.5241854614996,,,0.0
BHARTIARTL,EQ,497.2,496.05,513.35,496.05,513.05,510.05,505.2,14932443,754390466480000.0,297220,8045854,0.5388000000000001,501.432611061712,492.878394971518,455.31865576430914,,,0.0
BHARTIARTL,EQ,510.05,514.0,522.6,503.45,520.5,518.9,512.37,14376670,736614103750000.0,140565,5530700,0.3847,507.25507404114137,495.6175112903056,457.33711113687076,,,0.0
BHARTIARTL,EQ,518.9,518.0,537.5,515.8,536.5,533.35,525.56,30082900,1581030973810000.0,229675,12536641,0.4167,515.9533826940943,499.5893522071155,459.7502187198272,,,0.0
BHARTIARTL,EQ,533.35,535.05,552.8,534.1,547.0,546.8,545.22,16863683,919446487195000.1,374175,5716150,0.33899999999999997,526.2355884627295,504.5588940800507,462.5137038398327,,,0.0
BHARTIARTL,EQ,546.8,548.9,549.0,538.25,538.3,539.45,541.34,8802579,476515122189999.94,166209,4019498,0.45659999999999995,530.6403923084864,508.2316420716243,464.95612594015546,,,0.0
BHARTIARTL,EQ,539.45,540.2,543.65,536.1,538.0,538.7,539.11,8412522,453524251080000.0,105955,4203119,0.49960000000000004,533.3269282056576,511.43883764303234,467.2972013071346,,,0.0
BHARTIARTL,EQ,538.7,539.5,544.65,532.75,534.1,534.3,539.08,6500749,350443360035000.0,94100,2933776,0.45130000000000003,533.6512854704384,513.845275785871,469.4242742815113,,,0.0
BHARTIARTL,EQ,534.3,536.0,542.35,535.0,539.7,539.6,539.83,5065813,273467106044999.97,97504,2129926,0.4205,535.6341903136256,516.5562993873582,471.65207509797125,,,0.0
BHARTIARTL,EQ,539.6,539.7,542.75,531.75,540.65,539.95,536.67,5623475,301795032620000.0,72395,3106237,0.5524,537.0727935424171,519.018794188689,473.8202631900991,,,0.0
BHARTIARTL,EQ,539.95,544.9,567.55,534.25,563.6,565.0,556.27,36826473,2048555957320000.0,307059,9116059,0.2475,546.3818623616114,523.8589211161953,476.71485800946107,,,0.0
BHARTIARTL,EQ,565.0,564.95,568.7,556.5,565.4,564.85,563.78,22924036,1292420224905000.0,209076,7641415,0.3333,552.5379082410743,528.173771525017,479.5127990250337,,,0.0
BHARTIARTL,EQ,564.85,563.35,568.85,537.3,549.0,548.25,551.72,21462600,1184142653495000.0,193954,6546907,0.305,551.1086054940496,530.2870587329098,481.69493238931835,,,0.0
BHARTIARTL,EQ,548.25,549.1,553.6,538.75,544.0,543.4,546.81,21681078,1185541152805000.0,137698,12201460,0.5628000000000001,548.5390703293665,531.667368339972,483.6538234245781,,,0.0
BHARTIARTL,EQ,543.4,543.7,552.0,538.6,544.6,545.6,544.82,15715009,856178936165000.0,200579,6770760,0.4308,547.5593802195776,533.1339611462907,485.62036871268674,,,0.0
BHARTIARTL,EQ,545.6,542.0,542.05,527.1,529.95,529.9,534.52,9653196,515986488800000.0,148192,4418856,0.45780000000000004,541.6729201463852,532.7935441835233,487.0260712932363,,,0.0
BHARTIARTL,EQ,529.9,533.0,537.95,530.95,535.75,535.25,533.86,9623521,513764752685000.06,105159,4386899,0.4559,539.5319467642569,533.0521184799945,488.5569896648796,,,0.0
BHARTIARTL,EQ,535.25,532.7,539.4,520.3,535.1,535.95,530.05,18615730,986732683160000.0,148454,9843560,0.5288,538.3379645095047,533.3571586399951,490.0615296755184,,,0.0
BHARTIARTL,EQ,535.95,534.7,535.85,527.0,531.15,531.65,530.79,11171400,592966932015000.0,144882,4683542,0.4192,536.1086430063365,533.177457730522,491.3817985747083,,,0.0
BHARTIARTL,EQ,531.65,524.9,528.4,513.5,522.45,523.5,521.51,16622086,866862753675000.0,204419,9263055,0.5573,531.9057620042244,532.1587779694144,492.401424016781,,523.5,52350.0
BHARTIARTL,EQ,523.5,534.0,536.0,511.85,519.95,518.35,527.92,9910097,523178001564999.94,121316,3684212,0.3718,527.387174669483,530.7052223936865,493.2251883337086,,,0.0
BHARTIARTL,EQ,518.35,524.0,533.35,514.15,523.25,520.8,521.87,10368929,541124227260000.06,127941,4603990,0.444,525.1914497796554,529.6625674048774,494.10057918025757,,,0.0
BHARTIARTL,EQ,520.8,525.0,532.8,507.4,513.0,516.75,520.89,17733434,923708117635000.0,214378,7640688,0.43090000000000006,522.3776331864369,528.3033497833114,494.8196084126304,,,0.0
BHARTIARTL,EQ,516.75,522.8,530.7,516.65,526.6,526.9,523.74,14080598,737451067710000.0,121550,7356946,0.5225,523.885088790958,528.1556287534892,495.83803354238813,,,0.0
BHARTIARTL,EQ,526.9,517.75,523.65,511.45,519.35,519.15,517.86,9328722,483101459395000.0,98532,4068188,0.4361,522.3067258606387,527.2076678320692,496.5780959696139,,,0.0
BHARTIARTL,EQ,519.15,510.0,512.0,491.05,495.65,496.25,500.25,15375756,769164922680000.0,194367,8768745,0.5703,513.6211505737592,523.9489659550093,496.5676802245468,,,0.0
BHARTIARTL,EQ,496.25,487.0,508.5,487.0,494.0,493.8,499.14,21007587,1048581489510000.0,181749,14354217,0.6833,507.0141003825062,520.775390591324,496.47981736027543,,,0.0
BHARTIARTL,EQ,493.8,478.5,481.5,459.2,466.0,464.95,470.46,14204414,668257615120000.0,187976,7187092,0.506,492.9927335883375,514.8990336869741,495.47887077740955,,,0.0
BHARTIARTL,EQ,464.95,453.8,509.05,420.0,489.8,491.85,479.37,23807651,1141274939250000.0,246728,10482202,0.4403,492.611822392225,512.472819614661,495.36366853050765,,,0.0
BHARTIARTL,EQ,491.85,472.25,492.95,456.15,461.0,464.8,472.89,14661576,693335655665000.0,294260,6448377,0.43979999999999997,483.34121492815007,507.45462807627564,494.3933933390629,,,0.0
BHARTIARTL,EQ,464.8,465.0,481.0,444.35,458.0,454.7,468.63,12396973,580962760050000.0,253082,6520338,0.526,473.7941432854334,501.9015093314045,493.1332856140133,,,0.0
BHARTIARTL,EQ,454.7,460.0,478.8,407.45,440.0,425.55,443.55,28815241,1278087587715000.0,328964,11891828,0.41270000000000007,457.7127621902889,493.8645083491514,490.98778448340965,,,0.0
BHARTIARTL,EQ,425.55,416.45,451.65,361.75,444.55,444.75,429.33,23574894,1012147787295000.1,258142,9894538,0.4197,453.39184146019267,488.6945601018723,489.51991830933315,444.75,,-44475.0
BHARTIARTL,EQ,444.75,445.0,472.0,436.65,461.6,462.65,455.05,19395922,882614394004999.9,207864,8881450,0.4579,456.4778943067951,485.95302745956997,488.6669050296718,,,0.0
BHARTIARTL,EQ,462.65,416.4,445.7,399.5,417.9,407.35,420.48,14632657,615271966490000.0,173536,9838199,0.6723,440.1019295378635,477.67902456908894,486.0854159811108,,,0.0
BHARTIARTL,EQ,407.35,410.9,437.85,400.15,411.55,404.05,413.22,12716346,525462947805000.0,180218,6544255,0.5146000000000001,428.08461969190904,469.92860093023745,483.48111706107557,,,0.0
BHARTIARTL,EQ,404.05,406.55,438.25,405.6,424.9,429.1,423.02,13833486,585188919795000.0,181657,6770339,0.4894,428.4230797946061,465.63085346389664,481.75473239247,,,0.0
BHARTIARTL,EQ,429.1,426.5,493.45,420.25,465.0,470.7,453.03,21891560,991755817979999.9,274612,12134100,0.5543,442.51538652973744,466.16444783611803,481.4037885069947,,,0.0
BHARTIARTL,EQ,470.7,470.7,474.8,437.5,450.0,448.95,451.99,16076582,726645309055000.0,260952,7815300,0.48610000000000003,444.66025768649166,464.35240069547405,480.3735095067727,,,0.0
BHARTIARTL,EQ,448.95,443.85,449.3,428.0,432.05,431.05,438.32,10022553,439307627355000.0,127381,5150650,0.5139,440.12350512432783,460.84688483279257,478.807683808145,,,0.0
BHARTIARTL,EQ,431.05,441.0,447.0,424.0,440.5,440.9,436.03,16745176,730136096335000.0,223507,9524020,0.5688000000000001,440.3823367495519,458.7472127451302,477.6042652745531,,,0.0
BHARTIARTL,EQ,440.9,440.0,440.0,412.4,422.0,421.35,425.72,9469124,403114976155000.0,194448,5113364,0.54,434.0382244997013,454.8106640351165,475.8184155832974,,,0.0
BHARTIARTL,EQ,421.35,432.0,432.0,415.6,424.1,423.95,423.52,14153710,599440926705000.0,232505,7174853,0.5069,430.6754829998009,451.56217308405155,474.1717992155736,,,0.0
BHARTIARTL,EQ,423.95,433.15,485.75,433.15,470.0,470.2,453.66,15267141,692609866655000.0,190667,6645024,0.4353,443.85032199986733,453.52404960151983,474.04571035158716,,,0.0
BHARTIARTL,EQ,470.2,474.35,491.1,453.0,463.05,461.65,468.52,13388084,627258497900000.0,239847,4450915,0.3325,449.7835479999116,454.3794128013598,473.6521957372511,,,0.0
BHARTIARTL,EQ,461.65,471.0,492.3,471.0,490.4,488.7,482.04,11742601,566036087745000.0,186264,4680810,0.3986,462.75569866660777,457.9921061906904,474.1299038090844,,488.7,48870.0
BHARTIARTL,EQ,488.7,491.0,520.9,491.0,510.5,512.2,507.25,23966611,1215696998540000.0,283043,7922714,0.3306,479.23713244440523,463.6982002758808,475.3384782913357,,,0.0
BHARTIARTL,EQ,512.2,533.95,535.95,505.05,510.5,510.5,522.5,25793155,1347703729225000.0,344427,13337516,0.5171,489.6580882962702,468.62470550999865,476.4547170757378,,,0.0
BHARTIARTL,EQ,510.5,500.0,513.0,497.35,500.0,500.45,505.76,17082242,863949058479999.9,184657,9178491,0.5373,493.2553921975135,471.9747365089462,477.21647208920643,,,0.0
BHARTIARTL,EQ,500.45,511.0,512.5,498.2,502.0,502.45,503.78,16127623,812479056425000.0,440849,8507005,0.5275,496.320261465009,475.18265898168875,478.01753646732686,,,0.0
BHARTIARTL,EQ,502.45,507.7,507.7,486.9,490.5,490.3,492.25,11473202,564770577365000.0,155424,5288740,0.461,494.3135076433394,476.7739580362478,478.4074559445546,,,0.0
BHARTIARTL,EQ,490.3,484.0,503.8,479.15,501.0,500.5,490.22,15491009,759395832800000.0,233080,6611317,0.4268,496.37567176222626,479.2714361376954,479.10880654948943,500.5,,-50050.0
BHARTIARTL,EQ,500.5,516.0,517.05,492.05,501.35,501.4,503.9,18107820,912448997100000.0,204900,6990076,0.386,498.0504478414842,481.60075864951693,479.81646348442627,,,0.0
BHARTIARTL,EQ,501.4,501.85,507.3,491.05,495.0,496.0,500.82,12532120,627637311040000.0,182979,6579408,0.525,497.3669652276561,483.11646826535724,480.3302265484127,,,0.0
BHARTIARTL,EQ,496.0,494.9,499.0,484.45,495.0,494.25,491.62,11937738,586879545260000.0,125815,5471099,0.4583,496.32797681843743,484.288418974267,480.7721241183044,,,0.0
BHARTIARTL,EQ,494.25,498.05,503.05,491.1,491.85,494.05,498.01,9888710,492468678400000.0,130921,5240993,0.53,495.5686512122917,485.315953819081,481.1936439875646,,,0.0
BHARTIARTL,EQ,494.05,497.45,497.45,484.1,486.9,485.65,490.23,11512936,564402052010000.0,147334,5140240,0.4465,492.2624341415278,485.35111657496725,481.335115607007,,,0.0
BHARTIARTL,EQ,485.65,490.95,498.4,487.05,493.0,496.0,492.48,8217929,404712993880000.0,121453,3156405,0.3841,493.5082894276852,486.47205167233915,481.80066749249886,,,0.0
BHARTIARTL,EQ,496.0,503.1,515.95,495.2,514.55,514.3,506.01,19799179,1001854281925000.0,248150,8725501,0.44070000000000004,500.43885961845683,489.4013093910403,482.83239233400684,,,0.0
BHARTIARTL,EQ,514.3,502.45,540.0,499.9,530.95,532.5,523.28,34019465,1780163192359999.8,366002,8511001,0.2502,511.1259064123046,493.9380136656676,484.40914178372094,,,0.0
BHARTIARTL,EQ,532.5,538.0,553.7,526.05,528.8,528.05,542.52,29936910,1624129433135000.0,328885,7853562,0.26230000000000003,516.7672709415365,497.5287490692815,485.794565854079,,,0.0
BHARTIARTL,EQ,528.05,531.75,551.45,530.05,546.0,546.0,542.14,25594404,1387583769435000.0,298656,7001299,0.2735,526.5115139610243,502.6309860093571,487.705849477759,,,0.0
BHARTIARTL,EQ,546.0,545.35,545.35,524.45,528.0,528.05,533.57,15532288,828753550380000.0,174542,5445044,0.3506,527.0243426406829,505.30667169258265,488.9866161610047,,,0.0
BHARTIARTL,EQ,528.05,540.0,545.8,528.3,529.65,530.05,538.24,13592563,731601009640000.0,178285,2883555,0.2121,528.0328950937886,507.9112325670476,490.2902156479569,,,0.0
BHARTIARTL,EQ,530.05,533.05,548.5,532.1,538.4,536.2,541.98,14223774,770900508790000.0,253367,4577347,0.32180000000000003,530.7552633958592,510.88899755998995,491.7476691194504,,,0.0
BHARTIARTL,EQ,536.2,533.0,564.0,530.5,559.9,559.85,549.56,22616586,1242916447315000.0,270556,4772570,0.21100000000000002,540.4535089305728,516.0427872905174,493.9096478775631,,,0.0
BHARTIARTL,EQ,559.85,568.4,569.75,549.3,554.0,555.95,556.28,21114162,1174531762845000.0,263220,7893431,0.3738,545.6190059537153,520.2435465230946,495.8791828655769,,,0.0
BHARTIARTL,EQ,555.95,551.1,562.5,535.1,541.45,539.85,546.99,13180895,720985065920000.0,151782,4700716,0.3566,543.6960039691435,522.3073837311898,497.2750818222253,,,0.0
BHARTIARTL,EQ,539.85,543.5,556.9,539.4,554.8,554.1,550.06,14486155,796818628370000.0,202097,3601252,0.2486,547.1640026460957,525.6539749173803,499.0790474786626,,,0.0
BHARTIARTL,EQ,554.1,556.9,559.0,535.2,540.2,538.05,548.01,21586051,1182926922080000.0,319214,6745077,0.3125,544.1260017640639,526.9588196629192,500.31622057457804,,,0.0
BHARTIARTL,EQ,538.05,558.5,603.5,557.0,596.2,598.8,583.58,71909586,4196528308069999.5,716020,13852628,0.19260000000000002,562.3506678427093,534.5210491720856,503.44268976268665,,,0.0
BHARTIARTL,EQ,598.8,605.0,612.0,588.6,594.9,594.05,598.16,35744408,2138102553650000.0,372386,7379615,0.2065,572.9171118951396,540.7872545223923,506.31911230990295,,,0.0
BHARTIARTL,EQ,594.05,590.5,604.5,585.4,594.55,594.55,595.2,20292652,1207815766655000.0,222010,4897160,0.2413,580.1280745967597,546.4464908884563,509.12009287149334,,,0.0
BHARTIARTL,EQ,594.55,597.0,597.4,587.0,592.95,593.2,592.03,11416299,675881464870000.0,170702,3254632,0.2851,584.4853830645065,551.3679129001978,511.7892962723983,,,0.0
BHARTIARTL,EQ,593.2,572.0,576.45,557.55,557.95,559.25,569.02,76497320,4352847774450000.0,511034,33728663,0.44090000000000007,576.0735887096711,552.1976062791243,513.2959852796238,,,0.0
BHARTIARTL,EQ,559.25,561.0,565.55,553.85,562.05,563.1,560.54,22528009,1262774600215000.0,314757,9050555,0.4017,571.7490591397807,553.3452266707955,514.8770651120167,,,0.0
BHARTIARTL,EQ,563.1,564.65,568.0,556.0,561.35,562.75,561.49,16270436,913573005354999.9,204218,5874447,0.3611,568.7493727598538,554.3352028107117,516.3968408227463,,,0.0
BHARTIARTL,EQ,562.75,558.0,564.0,543.8,549.9,552.6,551.95,54189241,2990951272860000.0,457048,33911226,0.6258,563.3662485065693,554.1525498832684,517.546147463294,,,0.0
BHARTIARTL,EQ,552.6,559.0,561.65,550.15,559.7,559.05,556.06,39288299,2184669019184999.8,372569,20098476,0.5115999999999999,561.9274990043796,554.6680709481875,518.8637300835069,,,0.0
BHARTIARTL,EQ,559.05,563.0,572.3,556.1,559.0,558.1,564.42,31973639,1804647631590000.2,330914,15685185,0.49060000000000004,560.6516660029198,555.029326637852,520.1093259538717,,,0.0
BHARTIARTL,EQ,558.1,568.0,568.3,549.25,552.3,551.65,554.6,29235064,1621378921975000.0,290602,15784518,0.5399,557.6511106686132,554.673608044394,521.1106171934314,,,0.0
BHARTIARTL,EQ,551.65,552.3,585.4,549.55,583.25,572.45,562.23,29454952,1656056904700000.0,332024,12485192,0.4239,562.5840737790755,556.5448071976157,522.7404388698304,,,0.0
BHARTIARTL,EQ,572.45,584.0,590.0,567.45,581.3,584.35,578.59,47874414,2769975105335000.0,533999,15509385,0.324,569.8393825193838,559.4716695978667,524.6962979533279,,,0.0
BHARTIARTL,EQ,584.35,588.0,593.7,579.2,583.6,585.15,585.99,20430645,1197215014470000.0,243689,7805284,0.38200000000000006,574.9429216795892,562.1746517454598,526.6154630976666,,,0.0
BHARTIARTL,EQ,585.15,580.0,591.65,565.7,566.55,567.8,579.69,14939279,866015304600000.0,183800,5352095,0.3583,572.5619477863928,562.7667936669903,527.9229087136138,,,0.0
BHARTIARTL,EQ,567.8,571.0,576.0,563.05,567.45,567.1,569.49,19130490,1089463693185000.0,226255,7386137,0.3861,570.7412985242619,563.2229206494123,529.1666258973086,,,0.0
BHARTIARTL,EQ,567.1,570.0,573.8,546.7,551.5,551.85,562.46,27293431,1535155888840000.0,286354,7758609,0.2843,564.4441990161746,562.0257711073689,529.8867330116797,,,0.0
BHARTIARTL,EQ,551.85,540.0,562.0,540.0,559.5,560.1,555.3,18870757,1047898524275000.0,235264,6242846,0.3308,562.9961326774497,561.8230583592248,530.8458843446422,,,0.0
BHARTIARTL,EQ,560.1,556.0,563.75,549.0,549.9,550.7,554.7,13584908,753550202300000.0,188090,6596985,0.48560000000000003,558.8974217849666,560.6522101108853,531.4761737305266,,550.7,55070.00000000001
BHARTIARTL,EQ,550.7,558.0,559.3,537.0,543.65,544.9,548.51,19072659,1046162091485000.0,178532,10186425,0.5341,554.231614523311,558.9940827307921,531.9023269454306,,,0.0
BHARTIARTL,EQ,544.9,546.85,565.5,541.0,563.5,563.45,557.38,20531433,1144378142550000.0,232907,8222010,0.40049999999999997,557.3044096822074,559.4631266538667,532.9038403757344,,,0.0
BHARTIARTL,EQ,563.45,564.25,572.9,558.2,560.95,560.9,565.11,19329827,1092348425904999.9,216980,6106187,0.3159,558.5029397881383,559.6143764797754,533.7926073479333,,,0.0
BHARTIARTL,EQ,560.9,561.9,578.2,561.0,575.0,572.5,570.61,41152446,2348202859785000.0,179777,21100700,0.5127,563.1686265254256,560.970757902957,535.0214134638719,572.5,,-57250.0
BHARTIARTL,EQ,572.5,575.8,588.0,570.4,580.0,581.05,579.25,12715786,736560258095000.0,149541,3782300,0.2974,569.1290843502837,563.0843623342247,536.4826384332728,,,0.0
BHARTIARTL,EQ,581.05,581.05,584.6,574.35,577.4,578.8,579.52,9762436,565752364970000.0,122614,2187967,0.4437,572.3527229001892,564.7386399832537,537.8260467369784,,,0.0
BHARTIARTL,EQ,578.8,581.0,582.0,555.0,558.55,557.35,566.95,12387454,702303221650000.0,166998,5953782,0.4806,567.3518152667929,563.9608884060691,538.4458547770743,,,0.0
BHARTIARTL,EQ,557.35,553.9,563.7,550.0,557.0,559.0,556.49,15589317,867532693800000.0,187766,7025257,0.45060000000000006,564.5678768445287,563.4386896264829,539.0983673238337,,,0.0
BHARTIARTL,EQ,559.0,560.0,566.4,557.15,560.0,560.4,561.77,11109042,624067578170000.0,198037,6332052,0.5700000000000001,563.1785845630192,563.1188275605373,539.7746096310136,,,0.0
BHARTIARTL,EQ,560.4,558.9,568.95,551.2,567.0,567.1,561.56,12920745,725583416760000.0,133805,6233452,0.48240000000000005,564.4857230420129,563.5378983436386,540.6420823411402,,,0.0
BHARTIARTL,EQ,567.1,572.0,577.0,557.4,560.25,559.85,567.8,12939125,734677507275000.0,182638,5374039,0.4153,562.9404820280085,563.1496985179924,541.2518575049135,,,0.0
BHARTIARTL,EQ,559.85,575.0,575.0,558.3,560.2,560.15,564.21,13639649,769569021465000.0,143075,3882463,0.2846,562.0103213520057,562.8339407792564,541.8517985365035,,,0.0
BHARTIARTL,EQ,560.15,564.8,567.0,557.6,558.55,558.45,560.67,13542472,759291577015000.0,173615,7669556,0.5663,560.8235475680038,562.3724733288084,542.3787255670907,,,0.0
BHARTIARTL,EQ,558.45,561.8,583.45,560.6,581.25,581.45,574.93,20620014,1185499735480000.0,210802,5306467,0.25730000000000003,567.6990317120026,564.3806340310391,543.6190834855958,,,0.0
BHARTIARTL,EQ,581.45,587.6,589.3,575.05,575.9,576.6,581.41,15818188,919679697875000.0,215898,5369565,0.3395,570.666021141335,565.6668830804034,544.6660967082753,,,0.0
BHARTIARTL,EQ,576.6,579.0,582.6,566.05,567.2,567.15,573.16,12524549,717856734900000.0,210152,6074198,0.485,569.4940140942234,565.8230006508873,545.3798714159491,,,0.0
BHARTIARTL,EQ,567.15,572.0,574.0,559.0,561.6,561.3,566.6,9404763,532870938545000.0,143707,3628788,0.3858,566.7626760628157,565.3468953192149,545.8852723233792,,,0.0
BHARTIARTL,EQ,561.3,564.0,570.25,560.3,570.15,568.65,565.02,8452964,477606735360000.06,117186,3198262,0.37840000000000007,567.3917840418771,565.6945905487712,546.6079620908911,,,0.0
BHARTIARTL,EQ,568.65,569.1,579.0,565.65,574.7,574.7,573.33,13284057,761611543495000.0,161547,3842326,0.2892,569.8278560279182,566.6425283857426,547.4997728181644,,,0.0
BHARTIARTL,EQ,574.7,574.5,589.0,570.0,586.6,586.8,580.46,16353967,949276991560000.0,178405,4332436,0.26489999999999997,575.4852373519454,568.7643675030329,548.7473990779051,,,0.0
BHARTIARTL,EQ,586.8,584.5,596.8,578.55,588.4,589.35,589.99,32329098,1907380796305000.0,323198,5595620,0.1731,580.1068249012969,570.9312761869242,550.0363705357495,,,0.0
BHARTIARTL,EQ,589.35,588.95,588.95,559.65,568.0,563.6,574.9,19693277,1132174383080000.0,219772,6338707,0.32189999999999996,574.6045499341981,570.1595629040901,550.4669619473129,,,0.0
BHARTIARTL,EQ,563.6,565.9,566.2,553.3,562.5,562.75,561.59,11316438,635520028695000.0,124174,3604278,0.3185,570.6530332894654,569.3796089141858,550.8568996632713,,,0.0
BHARTIARTL,EQ,562.75,563.1,573.9,561.75,570.3,566.75,568.71,11964954,680460513495000.0,162226,5036829,0.42100000000000004,569.352022192977,569.1028079758505,551.361442531104,,,0.0
BHARTIARTL,EQ,566.75,571.0,582.5,567.6,578.25,575.75,573.7,9610173,551336603380000.0,118401,2597723,0.27030000000000004,571.4846814619847,569.8025123994452,552.1356824507516,,,0.0
BHARTIARTL,EQ,575.75,580.0,583.8,566.35,568.1,567.75,572.11,11784668,674216978030000.0,151772,5078449,0.43090000000000006,570.2397876413231,569.5864584626614,552.6313750713626,,,0.0
BHARTIARTL,EQ,567.75,568.0,575.5,562.8,569.8,569.15,569.61,10831170,616954843980000.0,125149,2553070,0.23570000000000002,569.8765250942154,569.5405154665918,553.155775862748,,,0.0
BHARTIARTL,EQ,569.15,570.0,575.75,564.0,567.6,567.2,569.61,9539899,543397498595000.0,103214,3975848,0.4168,568.9843500628103,569.2941454174769,553.6016242480576,,,0.0
BHARTIARTL,EQ,567.2,565.0,567.4,555.4,559.8,559.45,561.42,9777107,548906499980000.0,139162,4018788,0.41100000000000003,565.806233375207,568.2579195840583,553.7872869703415,,,0.0
BHARTIARTL,EQ,559.45,558.2,563.75,544.15,558.5,559.5,555.64,10695118,594265850695000.0,120009,3017665,0.2822,563.7041555834713,567.3360333120522,553.968642939537,,,0.0
BHARTIARTL,EQ,559.5,558.5,574.25,555.3,564.6,564.6,565.87,13948427,789297531025000.0,152581,5384126,0.386,564.0027703889809,567.0480298055204,554.3061463382818,,,0.0
BHARTIARTL,EQ,564.6,565.25,569.15,560.25,566.5,566.2,564.78,9796100,553268252625000.0,114197,3099152,0.3164,564.7351802593207,566.9587635102025,554.6837289942093,,,0.0
BHARTIARTL,EQ,566.2,576.0,580.45,543.05,550.3,552.7,561.77,44491235,2499387653335000.0,350941,15258415,0.34299999999999997,560.7234535062139,565.4578410354443,554.6207534705836,,,0.0
BHARTIARTL,EQ,552.7,550.9,559.3,546.3,555.1,554.85,555.24,13661601,758546656060000.0,149948,5625127,0.4117,558.7656356708093,564.341226189608,554.6280311381842,,,0.0
BHARTIARTL,EQ,554.85,554.5,556.5,546.4,548.1,547.35,550.56,9219748,507599787350000.0,106837,4456165,0.4833,554.9604237805395,562.5526760643861,554.3969825306227,,,0.0
BHARTIARTL,EQ,547.35,548.0,553.35,545.85,548.6,549.0,549.45,11813422,649085471705000.0,148044,5708086,0.4832,552.973615853693,561.1260785839245,554.2256497518728,,,0.0
BHARTIARTL,EQ,549.0,552.0,560.5,546.55,559.75,558.95,554.1,12682481,702735918075000.0,164740,4324903,0.341,554.965743902462,560.8970176803535,554.3756291248292,,,0.0
BHARTIARTL,EQ,558.95,561.7,561.7,552.65,555.0,555.3,556.42,10425489,580096694360000.0,124449,4678267,0.4487,555.0771626016414,560.3078579245268,554.4049742319773,,,0.0
BHARTIARTL,EQ,555.3,556.0,563.4,552.05,560.0,560.8,558.46,7210904,402700214705000.0,90979,2332620,0.3235,556.9847750677609,560.3596623535241,554.6079909230257,,,0.0
BHARTIARTL,EQ,560.8,564.3,565.0,554.8,559.8,558.85,559.91,9417841,527309725289999.94,108155,3970787,0.4216,557.6065167118406,560.2007505268373,554.7426578778503,,,0.0
BHARTIARTL,EQ,558.85,558.0,560.5,550.2,551.25,551.1,553.84,8137948,450711621370000.0,117782,3694160,0.4539,555.4376778078938,559.2427767871702,554.6270179452201,,,0.0
BHARTIARTL,EQ,551.1,550.0,561.25,545.35,547.3,547.7,554.02,12381746,685971336110000.0,109997,4323293,0.3492,552.8584518719292,558.0277476516786,554.4071126136259,,,0.0
BHARTIARTL,EQ,547.7,534.0,548.3,524.25,536.5,535.35,537.8,36774554,1977736325350000.0,378060,10156940,0.2762,547.0223012479528,555.640616319923,553.802124911606,,,0.0
BHARTIARTL,EQ,535.35,542.85,542.85,525.0,529.95,528.6,533.59,18209193,971623631935000.0,205127,7248105,0.39799999999999996,540.8815341653019,552.7942356546679,553.0020574540947,,,0.0
BHARTIARTL,EQ,528.6,530.55,532.5,518.1,520.85,521.4,523.23,19014347,994888555254999.9,211145,6393700,0.33630000000000004,534.3876894435347,549.489579269966,551.9988175349172,,,0.0
BHARTIARTL,EQ,521.4,522.05,529.1,520.15,527.85,526.3,524.33,13517889,708786048595000.0,162875,4610638,0.3411,531.6917929623564,547.0485709257591,551.1829820576182,,,0.0
BHARTIARTL,EQ,526.3,529.0,539.9,527.1,536.0,535.85,533.14,17075491,910364388990000.0,162156,6909210,0.4046,533.0778619749044,545.8697739862055,550.6962207224557,,,0.0
BHARTIARTL,EQ,535.85,531.0,533.6,522.7,526.0,525.55,527.19,13440102,708551855365000.0,117408,5901272,0.4391,530.5685746499363,543.7308504087101,549.897928001108,,,0.0
BHARTIARTL,EQ,525.55,529.8,529.8,516.0,519.0,520.25,521.89,21835588,1139585383805000.0,205334,8336609,0.38180000000000003,527.1290497666242,541.2591819446354,548.9567239375807,,,0.0
BHARTIARTL,EQ,520.25,517.9,532.4,508.2,531.0,526.9,517.35,29166922,1508952043925000.0,235265,10585579,0.3629,527.0526998444161,539.747689108358,548.2565104792448,,,0.0
BHARTIARTL,EQ,526.9,534.5,535.65,526.0,528.65,528.65,529.75,19516042,1033864907285000.0,180901,9422842,0.4828,527.5851332296107,538.5795113074782,547.6340815751417,,,0.0
BHARTIARTL,EQ,528.65,528.4,528.4,512.0,513.5,514.5,516.39,25906518,1337798140395000.0,236897,11768458,0.4543,523.2234221530739,536.044825906691,546.5822059695818,,,0.0
BHARTIARTL,EQ,514.5,514.4,518.5,508.0,512.5,511.15,512.97,21871778,1121959385235000.0,166733,8932803,0.40840000000000004,519.1989481020494,533.424317916513,545.4573740340395,,,0.0
BHARTIARTL,EQ,511.15,512.1,529.55,512.1,522.5,523.45,523.32,21808591,1141288280875000.0,231362,7563579,0.3468,520.6159654013663,532.3743897147748,544.7587272393081,,,0.0
BHARTIARTL,EQ,523.45,518.5,522.3,508.55,512.45,513.1,513.53,186856499,9595640729625000.0,506006,122919948,0.6578,518.110643600911,530.3455065869038,543.75368827933,,,0.0
BHARTIARTL,EQ,513.1,517.5,555.45,514.2,549.5,546.25,539.51,74337280,4010583821680000.5,573200,16430348,0.22100000000000003,527.490429067274,532.0196637882823,543.8329362704625,,,0.0
BHARTIARTL,EQ,546.25,550.0,559.0,545.1,550.45,550.55,551.97,35023081,1933182744615000.2,298159,11171665,0.319,535.176952711516,533.9702254947789,544.0461763888604,,,0.0
BHARTIARTL,EQ,550.55,550.55,552.9,535.65,539.6,538.0,542.19,24622381,1335002933635000.0,211388,11018488,0.4475,536.117968474344,534.3944122848021,543.8542342812775,,,0.0
BHARTIARTL,EQ,538.0,531.5,538.0,519.5,523.65,523.15,529.21,28083439,1486202735980000.0,181825,15664347,0.5578000000000001,531.7953123162295,533.2107899390335,543.1969570025068,,,0.0
BHARTIARTL,EQ,523.15,525.0,528.0,510.3,515.0,515.45,516.98,16147428,834788661645000.0,192361,5897661,0.3652,526.3468748774864,531.3412331033458,542.3161012246495,,,0.0
BHARTIARTL,EQ,515.45,516.0,516.85,494.0,495.9,498.1,506.16,33123745,1676583325205000.0,275453,15052714,0.45439999999999997,516.9312499183243,527.8421559345725,540.912415471486,,,0.0
BHARTIARTL,EQ,498.1,493.25,506.65,491.1,503.75,504.25,500.29,31478272,1574824156010000.0,198922,14935539,0.47450000000000003,512.7041666122162,525.3587710993544,539.748529266042,,,0.0
BHARTIARTL,EQ,504.25,508.0,508.0,491.2,498.2,497.35,500.84,21005767,1052062516840000.0,251922,8923960,0.42479999999999996,507.5861110748109,522.4104794046855,538.4025442099772,,,0.0
BHARTIARTL,EQ,497.35,499.3,502.45,488.55,491.5,491.65,494.01,15597700,770539390970000.0,301695,5941340,0.3809,502.27407404987395,519.1725342041923,536.9183364572796,,,0.0
BHARTIARTL,EQ,491.65,496.0,497.25,468.3,473.0,474.1,479.62,52056004,2496696980880000.0,589731,22336706,0.4291,492.8827160332494,514.4280569195405,534.9241035538739,,,0.0
BHARTIARTL,EQ,474.1,475.15,487.65,470.05,485.05,485.55,479.95,30857464,1481015292790000.0,286885,11337910,0.3674,490.4384773554996,511.3882614543257,533.3566716950207,,,0.0
BHARTIARTL,EQ,485.55,487.0,490.7,480.55,481.55,481.75,484.56,13133556,636403028530000.0,166056,4611581,0.3511,487.54231823699973,508.2684444591335,531.7183646570836,,,0.0
BHARTIARTL,EQ,481.75,480.0,482.35,474.0,479.6,479.0,477.99,13497203,645156495355000.0,167290,4931251,0.3654,484.6948788246665,505.18755556869843,530.0447657790809,,,0.0
BHARTIARTL,EQ,479.0,483.0,497.65,475.3,496.85,494.55,491.26,54801702,2692175033175000.0,246800,29937207,0.5463,487.9799192164444,504.06781287725653,528.9179478178403,,,0.0
BHARTIARTL,EQ,494.55,496.0,496.0,461.25,467.55,467.75,476.35,22737775,1083117403910000.0,217444,7776184,0.342,481.2366128109629,500.2448852059664,526.9761082045756,,,0.0
BHARTIARTL,EQ,467.75,468.5,478.5,461.0,471.25,470.95,471.5,18600835,877025440065000.0,230512,5982788,0.3216,477.80774187397526,497.16121307902256,525.1975015949065,,,0.0
BHARTIARTL,EQ,470.95,467.0,467.0,423.9,432.5,433.8,440.92,85211349,3757101134925000.0,646407,35478570,0.4164,463.1384945826502,490.49161170228336,522.2959936077666,,,0.0
BHARTIARTL,EQ,433.8,425.25,433.5,416.15,419.95,419.3,426.62,35786844,1526737054160000.0,710725,12395970,0.3464,448.52566305510015,482.9977578388851,519.0262795249804,,,0.0
BHARTIARTL,EQ,419.3,425.0,444.95,422.15,440.0,439.65,436.52,33602428,1466807024975000.0,352633,11809177,0.3514,445.5671087034001,478.4348359611077,516.5063976352985,,,0.0
BHARTIARTL,EQ,439.65,446.0,447.65,434.05,442.4,443.65,441.88,21053041,930294643070000.1,164974,8199756,0.3895,444.9280724689334,474.7732742809911,514.1934961230668,,,0.0
BHARTIARTL,EQ,443.65,444.0,444.55,429.5,435.6,435.6,435.44,17852308,777364327075000.0,233149,5906122,0.3308,441.818714979289,470.64977172509725,511.69846450011227,,,0.0
BHARTIARTL,EQ,435.6,438.0,440.4,418.15,419.65,420.95,428.87,27176498,1165518470510000.0,257236,11186991,0.41159999999999997,434.86247665285936,465.41821680666595,508.81756086518806,,,0.0
BHARTIARTL,EQ,420.95,426.0,434.6,423.65,430.2,432.35,430.14,13344280,573994811510000.0,140573,3957155,0.2965,434.0249844352396,461.93735187964853,506.3900192504202,,,0.0
BHARTIARTL,EQ,432.35,432.35,437.5,423.0,423.9,424.45,429.59,15001368,644439558475000.0,175396,5145028,0.34299999999999997,430.83332295682646,457.9913148396855,503.7887487980259,,,0.0
BHARTIARTL,EQ,424.45,427.0,430.0,423.1,427.6,426.75,426.41,10876652,463789476935000.06,169406,4816462,0.4428,429.472215304551,454.70275538287655,501.3430742330092,,,0.0
BHARTIARTL,EQ,426.75,427.8,431.75,421.1,423.2,422.45,424.9,10202818,433515778605000.0,138523,3272026,0.3207,427.1314768697007,451.3077285004685,498.838532193866,,,0.0
BHARTIARTL,EQ,422.45,426.0,435.5,419.1,425.15,424.45,428.17,16705222,715265725355000.0,365775,5682695,0.34020000000000006,426.2376512464672,448.48059918462974,496.4769914892988,,,0.0
BHARTIARTL,EQ,424.45,428.0,435.0,423.3,425.0,425.2,427.95,20563361,880007486675000.0,391127,8890403,0.43229999999999996,425.89176749764476,446.030009796774,494.2142298547179,,,0.0
BHARTIARTL,EQ,425.2,428.0,430.6,411.85,413.25,415.05,420.39,14063002,591200921305000.0,204589,5415573,0.3851,422.2778449984298,442.7689561339557,491.7010797005999,,,0.0
BHARTIARTL,EQ,415.05,421.15,427.5,413.1,416.0,415.3,420.12,27781773,1167163147415000.0,338875,7740013,0.2786,419.9518966656199,439.8774870672235,489.27564859899354,,,0.0
BHARTIARTL,EQ,415.3,416.4,419.5,411.3,412.6,413.25,414.94,14110038,585485564870000.0,161300,5357383,0.3797,417.7179311104133,437.0745936917263,486.8621359450572,,,0.0
BHARTIARTL,EQ,413.25,413.4,415.5,395.0,398.9,399.2,403.13,27855540,1122931542915000.0,284076,10932320,0.3925,411.54528740694224,433.0877943557551,484.07921099442046,,,0.0
BHARTIARTL,EQ,399.2,404.45,407.3,398.35,402.1,401.65,402.24,23347957,939151581615000.0,236506,9809147,0.4201,408.24685827129485,429.77855284462294,481.46241064539123,,,0.0
BHARTIARTL,EQ,401.65,403.55,404.65,394.0,396.05,397.7,397.86,16921274,673231024235000.0,191546,6060954,0.3582,404.73123884752994,426.40186307150475,478.80328649791846,,,0.0
BHARTIARTL,EQ,397.7,397.7,413.2,396.95,405.65,405.0,407.13,25909683,1054862503845000.1,243025,7365337,0.2843,404.82082589835335,424.14903537976744,476.46032502179406,,,0.0
BHARTIARTL,EQ,405.0,405.7,420.2,403.55,419.5,419.0,413.01,23488238,970083338779999.9,207547,5941359,0.253,409.547217265569,423.6070316555814,474.63618771951485,,,0.0
BHARTIARTL,EQ,419.0,419.0,432.35,418.0,431.0,430.65,425.96,26516990,1129518191770000.0,259557,9161209,0.3455,416.58147817704605,424.3483967444676,473.2398008077842,,,0.0
BHARTIARTL,EQ,430.65,434.9,437.6,427.3,434.0,434.4,433.47,18171287,787662480220000.0,200346,6621387,0.3644,422.520985451364,425.40646024504997,472.00679125833074,,,0.0
BHARTIARTL,EQ,434.4,434.35,439.45,428.0,433.8,434.05,433.74,11736985,509085064695000.0,133452,3584745,0.3054,426.3639903009094,426.31630653504476,470.80181375806626,,,0.0
BHARTIARTL,EQ,434.05,434.05,438.9,427.5,433.3,433.35,433.0,12781318,553434661925000.0,117094,3819187,0.2988,428.69266020060627,427.05669532082953,469.6128672895562,,,0.0
BHARTIARTL,EQ,433.35,446.0,488.0,442.0,447.75,451.85,463.51,123585653,5728314020195000.0,946705,26584797,0.2151,436.4117734670709,429.66651686600534,469.0489667406814,,,0.0
BHARTIARTL,EQ,451.85,447.7,457.1,445.0,450.0,450.8,450.77,25066939,1129944346490000.0,240192,7838166,0.3127,441.20784897804725,431.8910940380048,468.4696344631995,,,0.0
BHARTIARTL,EQ,450.8,454.9,454.9,430.5,432.75,433.75,439.21,23051352,1012444058485000.0,211345,6426190,0.2788,438.7218993186982,432.0867683497937,467.36742384532016,,,0.0
BHARTIARTL,EQ,433.75,435.0,460.0,435.0,455.55,457.4,451.11,28174600,1270976965320000.0,262756,9622899,0.34149999999999997,444.94793287913217,434.75131904981544,467.05099769150047,,,0.0
BHARTIARTL,EQ,457.4,458.0,460.7,447.45,454.9,454.6,454.62,16036760,729060597095000.0,162571,5662537,0.3531,448.1652885860882,436.84065388667693,466.65572792351634,,,0.0
BHARTIARTL,EQ,454.6,453.0,455.55,447.15,451.5,453.05,451.71,10003680,451878487725000.0,98671,3323113,0.3322,449.79352572405884,438.54690084597405,466.22380005292854,,,0.0
BHARTIARTL,EQ,453.05,457.0,461.9,452.6,458.0,457.3,457.5,9234395,422473799270000.0,109959,3414270,0.3697,452.2956838160393,440.52091128323997,465.940504813153,,,0.0
BHARTIARTL,EQ,457.3,457.0,460.35,448.75,450.25,449.9,453.18,11970462,542477615160000.06,130841,5122085,0.4279,451.4971225440262,441.508183779741,465.43128243813226,,,0.0
BHARTIARTL,EQ,449.9,456.3,474.75,452.55,473.0,471.8,465.43,24493687,1140021566660000.0,229825,9179644,0.37479999999999997,458.26474836268414,444.69679601345246,465.6334639480328,,,0.0
BHARTIARTL,EQ,471.8,474.0,474.15,465.0,467.0,466.4,468.15,9620279,450374158700000.0,147987,2818260,0.2929,460.9764989084561,446.9813438015101,465.657798425873,,,0.0
BHARTIARTL,EQ,466.4,467.95,481.35,464.05,477.5,478.6,473.3,15737416,744858086010000.0,172984,3583404,0.2277,466.8509992723041,450.30962340135113,466.06866196790884,,,0.0
BHARTIARTL,EQ,478.6,476.85,483.2,475.05,479.0,479.85,479.9,14512799,696469377225000.0,123986,7371521,0.5079,471.1839995148694,453.41913672752474,466.5061647625784,,,0.0
BHARTIARTL,EQ,479.85,477.0,478.0,470.0,477.25,475.75,474.37,8272841,392440613190000.0,99267,2870860,0.34700000000000003,472.7059996765796,455.7697539141011,466.7996198494807,,,0.0
BHARTIARTL,EQ,475.75,487.0,487.0,479.0,479.9,481.5,482.61,3940508,190174683465000.0,63522,1635737,0.41509999999999997,475.6373331177198,458.4782008705115,467.26629858441777,,,0.0
BHARTIARTL,EQ,481.5,490.9,494.95,481.25,484.5,484.55,487.48,18699305,911548794395000.1,211335,8583821,0.459,478.60822207847986,461.2226007788787,467.8149875182458,,,0.0
BHARTIARTL,EQ,484.55,483.95,485.0,471.1,477.8,478.4,477.45,10311000,492294348205000.0,140865,4019915,0.3899,478.5388147189866,463.03074806531254,468.15101966052373,,,0.0
BHARTIARTL,EQ,478.4,476.0,481.45,467.0,468.4,468.55,473.25,11329235,536150458930000.0,129354,3920784,0.3461,475.2092098126578,463.61172195317437,468.1636857030468,,,0.0
BHARTIARTL,EQ,468.55,470.5,485.95,465.35,483.15,483.7,475.15,11867647,563894117780000.0,132087,3992484,0.33640000000000003,478.0394732084385,465.72627753705075,468.6569020299342,,,0.0
BHARTIARTL,EQ,483.7,486.75,486.75,475.1,476.75,477.25,479.21,10005675,479477064960000.06,149571,2732654,0.2731,477.77631547229237,466.9393009542033,468.9296987908887,,,0.0
BHARTIARTL,EQ,477.25,478.4,481.25,471.2,475.5,474.25,475.07,9173967,435826292535000.06,129133,3180607,0.3467,476.60087698152824,467.7088482221819,469.0985972419716,,,0.0
BHARTIARTL,EQ,474.25,476.5,477.9,458.65,464.3,464.1,467.61,14229948,665400638915000.0,208648,5602463,0.3937,472.4339179876855,467.3289694619522,468.93991161524235,,,0.0
BHARTIARTL,EQ,464.1,468.7,469.65,460.1,469.0,468.4,465.71,11322533,527304045105000.0,133329,3915411,0.3458,471.08927865845703,467.4417095185888,468.92277156396483,,,0.0
BHARTIARTL,EQ,468.4,468.3,472.65,462.0,465.0,463.25,465.57,18151096,845052717760000.0,185490,10410609,0.5736,468.4761857723047,467.0004769376847,468.7426835778072,,,0.0
BHARTIARTL,EQ,463.25,467.75,482.5,460.5,479.2,479.45,474.19,18193356,862705918160000.0,199549,6039234,0.3319,472.13412384820316,468.31095304950736,469.08259838486094,,,0.0
BHARTIARTL,EQ,479.45,481.0,487.9,474.05,484.2,484.9,481.44,20562558,989956313750000.0,189680,7813359,0.38,476.38941589880216,470.0571685179803,469.5847381186749,,,0.0
BHARTIARTL,EQ,484.9,487.1,489.15,474.0,479.9,479.9,480.22,19723853,947169466129999.9,172391,10218376,0.5181,477.55961059920145,471.0932560424034,469.9122067498281,,,0.0
BHARTIARTL,EQ,479.9,486.85,497.8,483.4,494.5,493.75,492.11,31039563,1527496884515000.0,284386,7302086,0.2353,482.9564070661343,473.47817645899255,470.6689620911034,,,0.0
BHARTIARTL,EQ,493.75,498.0,510.5,494.6,509.5,508.95,503.24,22125752,1113463955500000.0,205788,7665713,0.3465,491.62093804408954,477.2120526212039,471.8842331358303,,,0.0
BHARTIARTL,EQ,508.95,514.0,516.25,499.65,502.95,503.6,506.57,19298806,977615572195000.1,171688,6448682,0.33409999999999995,495.61395869605974,479.98973129265613,472.89108287755,,,0.0
BHARTIARTL,EQ,503.6,504.9,506.9,499.1,502.75,503.05,502.84,11608846,583738500810000.0,147016,4165777,0.3588,498.0926391307065,482.41712799869237,473.84850881794523,,,0.0
BHARTIARTL,EQ,503.05,501.5,508.75,494.1,504.7,505.15,501.69,13194186,661937624880000.0,126519,5034510,0.3816,500.4450927538044,484.81006189356685,474.8422069507088,,,0.0
BHARTIARTL,EQ,505.15,508.5,508.5,497.3,505.1,504.4,504.23,13760737,693861185775000.0,137007,4735575,0.34409999999999996,501.76339516920297,486.8721606416124,475.78054958719423,,,0.0
BHARTIARTL,EQ,504.4,507.0,512.0,501.15,502.7,503.05,504.79,13886923,700994401175000.0,162325,5284910,0.38060000000000005,502.19226344613537,488.57509110039007,476.646246425696,,,0.0
BHARTIARTL,EQ,503.05,505.85,506.8,498.1,504.25,504.2,502.65,13074733,657201308615000.0,146690,4576353,0.35000000000000003,502.86150896409026,490.2198183529806,477.52096876138825,,,0.0
BHARTIARTL,EQ,504.2,504.2,518.8,502.1,518.3,516.2,509.87,17381441,886233960870000.1,164008,6305309,0.3628,507.30767264272686,492.95457431582474,478.74887451499495,,,0.0
BHARTIARTL,EQ,516.2,517.0,522.5,512.0,514.0,515.1,516.61,19654749,1015385836185000.0,183941,7095595,0.36100000000000004,509.90511509515125,495.28567175626426,479.9028784986459,,,0.0
BHARTIARTL,EQ,515.1,513.9,514.9,505.05,510.0,510.65,510.29,10797760,551004141330000.0,139048,3776733,0.3498,510.1534100634342,496.9029694661312,480.878977593927,,,0.0
BHARTIARTL,EQ,510.65,507.5,511.2,480.15,490.8,490.9,496.79,15253094,757754776705000.0,175878,5559934,0.36450000000000005,503.73560670895614,496.27107794338053,481.19710528935786,,,0.0
BHARTIARTL,EQ,490.9,494.0,505.0,485.55,500.35,500.3,498.24,21233811,1057957324525000.0,205917,8132751,0.383,502.59040447263743,496.6951750019721,481.803546391283,,,0.0
BHARTIARTL,EQ,500.3,500.3,509.5,498.4,507.0,507.2,503.97,13081361,659263449620000.0,177939,5472751,0.41840000000000005,504.12693631509165,497.8009460543961,482.60978301378196,,,0.0
BHARTIARTL,EQ,507.2,520.0,523.0,510.45,516.25,517.3,517.81,20849597,1079611599100000.0,208082,5055582,0.2425,508.51795754339446,499.8534780486702,483.71105974350314,,,0.0
BHARTIARTL,EQ,517.3,520.1,527.0,516.6,521.5,521.6,522.37,12882390,672934319860000.0,134281,4002208,0.31070000000000003,512.878638362263,502.1425856224944,484.9138832437094,,,0.0
BHARTIARTL,EQ,521.6,523.0,524.95,515.1,520.65,520.25,520.49,11246474,585372783745000.0,132122,3032301,0.2696,515.3357589081754,504.0486292411792,486.03566472803607,,,0.0
BHARTIARTL,EQ,520.25,523.4,523.4,513.3,516.0,516.15,516.11,10494434,541632283570000.0,140094,4281397,0.408,515.6071726054503,505.3224577421077,486.9916753715905,,,0.0
BHARTIARTL,EQ,516.15,517.1,518.45,506.3,509.5,509.7,511.71,15524994,794428529980000.0,160584,5813056,0.3744,513.6381150703003,505.7832516639911,487.71257456614313,,,0.0
BHARTIARTL,EQ,509.7,512.25,516.4,508.2,515.0,515.15,511.92,10185843,521435897020000.0,115803,2857212,0.2805,514.1420767135335,506.7692251730447,488.58360394499573,,515.15,51515.0
